s,F_parallel
1.625000000000000000e+00,-1.193029815637119871e-34
6.900000000000000355e+00,-5.065072419740677653e-34
3.410000000000000142e+01,-2.494428309951021897e-33
6.129999999999999716e+01,-4.447891367402928723e-33
6.675000000000000000e+01,-4.832821275935264202e-33
7.220000000000000284e+01,-5.215111489919623257e-33
9.940000000000000568e+01,-7.076886681880422379e-33
1.266000000000000085e+02,-8.845493188363965200e-33
1.318750000000000000e+02,-9.175992031095546053e-33
1.351250000000000000e+02,-9.377447900533439583e-33
1.404000000000000057e+02,-9.700820191990416696e-33
1.675999999999999943e+02,-1.129346038940394085e-32
1.947999999999999829e+02,-1.275143127071041261e-32
2.002499999999999716e+02,-1.302645128222583391e-32
2.056999999999999602e+02,-1.329561043604096607e-32
2.328999999999999488e+02,-1.454976318265085111e-32
2.600999999999999659e+02,-1.565292860630061425e-32
2.653749999999999432e+02,-1.584929330053055465e-32
2.686249999999999432e+02,-1.596744025800356146e-32
2.738999999999999204e+02,-1.615460906366577318e-32
3.010999999999999091e+02,-1.703031984163951605e-32
3.282999999999998977e+02,-1.775963772906092205e-32
3.337499999999998863e+02,-1.788869588534345674e-32
3.391999999999998749e+02,-1.801219034545619578e-32
3.663999999999998636e+02,-1.854767733027426739e-32
3.935999999999998522e+02,-1.895512480315491148e-32
3.988749999999998295e+02,-1.902014499148349741e-32
4.021249999999998295e+02,-1.905802492305966260e-32
4.073999999999998067e+02,-1.911602273322132741e-32
4.345999999999997954e+02,-1.934942707297448351e-32
4.617999999999997840e+02,-1.948074710282539624e-32
4.672499999999997726e+02,-1.949573998954182953e-32
4.726999999999997613e+02,-1.950715654822199352e-32
4.998999999999997499e+02,-1.951365681903597759e-32
5.270999999999997954e+02,-1.944369799609611494e-32
5.323749999999997726e+02,-1.942213675175508974e-32
5.356249999999997726e+02,-1.940764010241550161e-32
5.408999999999997499e+02,-1.938219221153793072e-32
5.680999999999997954e+02,-1.921572082114346472e-32
5.952999999999998408e+02,-1.899671761828055120e-32
6.007499999999998863e+02,-1.894726680173504734e-32
6.061999999999999318e+02,-1.889610702479775262e-32
6.333999999999999773e+02,-1.861734957258119082e-32
6.606000000000000227e+02,-1.830477064446594388e-32
6.658750000000000000e+02,-1.824079883515729407e-32
6.691250000000000000e+02,-1.820089377073375330e-32
6.743999999999999773e+02,-1.813535816988902426e-32
7.016000000000000227e+02,-1.778385641185078332e-32
7.288000000000000682e+02,-1.741347686580319149e-32
7.342500000000001137e+02,-1.733742496141452046e-32
7.397000000000001592e+02,-1.726084307569454789e-32
7.669000000000002046e+02,-1.687187031086849811e-32
7.941000000000002501e+02,-1.647440146808666248e-32
7.993750000000002274e+02,-1.639662824146197235e-32
8.026250000000002274e+02,-1.634862532344779315e-32
8.079000000000002046e+02,-1.627058900073257093e-32
8.351000000000002501e+02,-1.586650185520314695e-32
8.623000000000002956e+02,-1.546143131151977715e-32
8.677500000000003411e+02,-1.538035328928318143e-32
8.732000000000003865e+02,-1.529934249594148277e-32
9.004000000000004320e+02,-1.489655786357930267e-32
9.276000000000004775e+02,-1.449753668885244690e-32
9.328750000000004547e+02,-1.442071422461040978e-32
9.361250000000004547e+02,-1.437348443246543148e-32
9.414000000000004320e+02,-1.429699799235477260e-32
9.686000000000004775e+02,-1.390625967224164395e-32
9.958000000000005230e+02,-1.352237305050746467e-32
1.001250000000000568e+03,-1.344635501032832157e-32
1.006700000000000614e+03,-1.337065160090259165e-32
1.033900000000000546e+03,-1.299771257351151566e-32
1.061100000000000591e+03,-1.263331067133325738e-32
1.066375000000000682e+03,-1.256366793850587087e-32
1.069625000000000682e+03,-1.252092932479024514e-32
1.074900000000000773e+03,-1.245183764924903097e-32
1.102100000000000819e+03,-1.210107781781363002e-32
1.129300000000000864e+03,-1.175970489376492661e-32
1.134750000000000909e+03,-1.169244858496744102e-32
1.140200000000000955e+03,-1.162557629582993131e-32
1.167400000000001000e+03,-1.129758859332014211e-32
1.194600000000001046e+03,-1.097921827953650430e-32
1.199875000000001137e+03,-1.091858803637778981e-32
1.203125000000001137e+03,-1.088141248760558785e-32
1.208400000000001228e+03,-1.082136485488387365e-32
1.235600000000001273e+03,-1.051743301768694134e-32
1.262800000000001319e+03,-1.022296835826068660e-32
1.268250000000001364e+03,-1.016509434000238524e-32
1.273700000000001410e+03,-1.010759383021308221e-32
1.300900000000001455e+03,-9.826155951395581174e-33
1.328100000000001501e+03,-9.553810715777401592e-33
1.333375000000001592e+03,-9.502029958562323908e-33
1.336625000000001592e+03,-9.470293025275172101e-33
1.341900000000001683e+03,-9.419049724187749890e-33
1.369100000000001728e+03,-9.160029828861150567e-33
1.396300000000001774e+03,-8.909574579286752979e-33
1.401750000000001819e+03,-8.860401021768374143e-33
1.407200000000001864e+03,-8.811560071139028809e-33
1.434400000000001910e+03,-8.572708355949967224e-33
1.461600000000001955e+03,-8.341850615089446724e-33
1.466875000000002046e+03,-8.297984194426555278e-33
1.470125000000002046e+03,-8.271101790089837772e-33
1.475400000000002137e+03,-8.227702519905624455e-33
1.502600000000002183e+03,-8.008429529358727156e-33
1.529800000000002228e+03,-7.796532263937877972e-33
1.535250000000002274e+03,-7.754940167690138323e-33
1.540700000000002319e+03,-7.713632338364137289e-33
1.567900000000002365e+03,-7.511653617771559087e-33
1.595100000000002410e+03,-7.316464865547947672e-33
1.600375000000002501e+03,-7.279377026068705593e-33
1.603625000000002501e+03,-7.256648628151790289e-33
1.608900000000002592e+03,-7.219955385865563484e-33
1.636100000000002638e+03,-7.034553266119472568e-33
1.663300000000002683e+03,-6.855353601154121381e-33
1.668750000000002728e+03,-6.820173734087853511e-33
1.674200000000002774e+03,-6.785232048005565740e-33
1.701400000000002819e+03,-6.614343543842643277e-33
1.728600000000002865e+03,-6.449127733008904466e-33
1.733875000000002956e+03,-6.417725649813493746e-33
1.737125000000002956e+03,-6.398480018570301670e-33
1.742400000000003047e+03,-6.367406768022932101e-33
1.769600000000003092e+03,-6.210347012302997544e-33
1.796800000000003138e+03,-6.058445923882972403e-33
1.802250000000003183e+03,-6.028613056296929312e-33
1.807700000000003229e+03,-5.998977987878488895e-33
1.834900000000003274e+03,-5.853979235157536938e-33
1.862100000000003320e+03,-5.713686204640627824e-33
1.867375000000003411e+03,-5.687008302224174900e-33
1.870625000000003411e+03,-5.670655911327073259e-33
1.875900000000003502e+03,-5.644250550860519509e-33
1.903100000000003547e+03,-5.510717595595459101e-33
1.930300000000003593e+03,-5.381457904594864217e-33
1.935750000000003638e+03,-5.356058003399947459e-33
1.941200000000003683e+03,-5.330821901331488879e-33
1.968400000000003729e+03,-5.207278197136317986e-33
1.995600000000003774e+03,-5.087631020489390015e-33
2.000875000000003865e+03,-5.064865978688632880e-33
2.004125000000003865e+03,-5.050909875642552690e-33
2.009400000000003956e+03,-5.028370528722621279e-33
2.036600000000004002e+03,-4.914321513214369852e-33
2.063800000000003820e+03,-4.803812191144365805e-33
2.069250000000003638e+03,-4.782083591940592253e-33
2.074700000000003456e+03,-4.760490725828632600e-33
2.101900000000003274e+03,-4.654718019913162933e-33
2.129100000000003092e+03,-4.552175860054034085e-33
2.134375000000003183e+03,-4.532653228675029407e-33
2.137625000000003183e+03,-4.520682932023860487e-33
2.142900000000003274e+03,-4.501347541156921717e-33
2.170100000000003092e+03,-4.403449728695126076e-33
2.197300000000002910e+03,-4.308490705560267431e-33
2.202750000000002728e+03,-4.289807784024056544e-33
2.208200000000002547e+03,-4.271237643063216767e-33
2.235400000000002365e+03,-4.180214270548756080e-33
2.262600000000002183e+03,-4.091877480395911319e-33
2.267875000000002274e+03,-4.075048668948397834e-33
2.271125000000002274e+03,-4.064728371887968347e-33
2.276400000000002365e+03,-4.048055424272877258e-33
2.303600000000002183e+03,-3.963584696941405655e-33
2.330800000000002001e+03,-3.881562798818851096e-33
2.336250000000001819e+03,-3.865414919609589136e-33
2.341700000000001637e+03,-3.849361114924492674e-33
2.368900000000001455e+03,-3.770622076303699789e-33
2.396100000000001273e+03,-3.694126401795844033e-33
2.401375000000001364e+03,-3.679544217676109302e-33
2.404625000000001364e+03,-3.670600195830274451e-33
2.409900000000001455e+03,-3.656148312098694457e-33
2.437100000000001273e+03,-3.582884601600399733e-33
2.464300000000001091e+03,-3.511670493446509897e-33
2.469750000000000909e+03,-3.497641582132201330e-33
2.475200000000000728e+03,-3.483691499838191640e-33
2.502400000000000546e+03,-3.415228219811376794e-33
2.529600000000000364e+03,-3.348646947545487390e-33
2.534875000000000455e+03,-3.335946916474417490e-33
2.538125000000000455e+03,-3.328156068946428039e-33
2.543400000000000546e+03,-3.315565486163171301e-33
2.570600000000000364e+03,-3.251698941498596030e-33
2.597800000000000182e+03,-3.189556155038355636e-33
2.603250000000000000e+03,-3.177306823621542683e-33
2.608699999999999818e+03,-3.165123869860722759e-33
2.635899999999999636e+03,-3.105297388700023763e-33
2.663099999999999454e+03,-3.047057571121947199e-33
2.668374999999999545e+03,-3.035942043486493487e-33
2.671624999999999545e+03,-3.029122157722835406e-33
2.676899999999999636e+03,-3.018099021281981791e-33
2.704099999999999454e+03,-2.962150830980471318e-33
2.731299999999999272e+03,-2.907659618564095010e-33
2.736749999999999091e+03,-2.896912269934740262e-33
2.742199999999998909e+03,-2.886221095276847793e-33
2.769399999999998727e+03,-2.833690105364413748e-33
2.796599999999998545e+03,-2.782503519059017288e-33
2.801874999999998636e+03,-2.772728613240172519e-33
2.805124999999998636e+03,-2.766730373902782256e-33
2.810399999999998727e+03,-2.757033853398874744e-33
2.837599999999998545e+03,-2.707791481258962419e-33
2.864799999999998363e+03,-2.659786794307262749e-33
2.870249999999998181e+03,-2.650313517793454598e-33
2.875699999999997999e+03,-2.640888018934270580e-33
2.902899999999997817e+03,-2.594550546140107165e-33
2.930099999999997635e+03,-2.549357913043877779e-33
2.935374999999997726e+03,-2.540722984575228601e-33
2.938624999999997726e+03,-2.535423530959286537e-33
2.943899999999997817e+03,-2.526855436955225020e-33
2.971099999999997635e+03,-2.483320503698851826e-33
2.998299999999997453e+03,-2.440842190239353934e-33
3.003749999999997272e+03,-2.432455053393780444e-33
3.009199999999997090e+03,-2.424108753600712757e-33
3.036399999999996908e+03,-2.383055448292169103e-33
3.063599999999996726e+03,-2.342981829002960245e-33
3.068874999999996817e+03,-2.335321055832051352e-33
3.072124999999996817e+03,-2.330618834893992956e-33
3.077399999999996908e+03,-2.323015325357210291e-33
3.104599999999996726e+03,-2.284362007340808025e-33
3.131799999999996544e+03,-2.246615098847126716e-33
3.137249999999996362e+03,-2.239158410022944742e-33
3.142699999999996180e+03,-2.231736793577185560e-33
3.169899999999995998e+03,-2.195213725280352438e-33
3.197099999999995816e+03,-2.159533009601032849e-33
3.202374999999995907e+03,-2.152708695476691697e-33
3.205624999999995907e+03,-2.148519366054673924e-33
3.210899999999995998e+03,-2.141744347059790564e-33
3.238099999999995816e+03,-2.107286280672603051e-33
3.265299999999995634e+03,-2.073609407229976709e-33
3.270749999999995453e+03,-2.066953562536333673e-33
3.276199999999995271e+03,-2.060327979013496281e-33
3.303399999999995089e+03,-2.027707052103659614e-33
3.330599999999994907e+03,-1.995813724011488681e-33
3.335874999999994998e+03,-1.989710973609392428e-33
3.339124999999994998e+03,-1.985964149587260892e-33
3.344399999999995089e+03,-1.979904027687503698e-33
3.371599999999994907e+03,-1.949067990462429919e-33
3.398799999999994725e+03,-1.918908258814458760e-33
3.404249999999994543e+03,-1.912944847424176349e-33
3.409699999999994361e+03,-1.907007662348657088e-33
3.436899999999994179e+03,-1.877763076656964236e-33
3.464099999999993997e+03,-1.849149740937704782e-33
3.469374999999994088e+03,-1.843672220621335152e-33
3.472624999999994088e+03,-1.840308877932827401e-33
3.477899999999994179e+03,-1.834868381885588472e-33
3.505099999999993997e+03,-1.807173331449754354e-33
3.532299999999993815e+03,-1.780066307848792621e-33
3.537749999999993634e+03,-1.774704210729826365e-33
3.543199999999993452e+03,-1.769364940045082534e-33
3.570399999999993270e+03,-1.743054420985670922e-33
3.597599999999993088e+03,-1.717293873182887476e-33
3.602874999999993179e+03,-1.712360427575927469e-33
3.606124999999993179e+03,-1.709330834480605128e-33
3.611399999999993270e+03,-1.704429679834607496e-33
3.638599999999993088e+03,-1.679470014952615117e-33
3.665799999999992906e+03,-1.655023729518951143e-33
3.671249999999992724e+03,-1.650186000671281244e-33
3.676699999999992542e+03,-1.645368220120883350e-33
3.703899999999992360e+03,-1.621618005284244078e-33
3.731099999999992178e+03,-1.598348879731411270e-33
3.736374999999992269e+03,-1.593890822283206841e-33
3.739624999999992269e+03,-1.591152881746496031e-33
3.744899999999992360e+03,-1.586723099231952619e-33
3.772099999999992178e+03,-1.564155246153392071e-33
3.799299999999991996e+03,-1.542037364979314653e-33
3.804749999999991815e+03,-1.537658729119760808e-33
3.810199999999991633e+03,-1.533297594119440149e-33
3.837399999999991451e+03,-1.511790379714147150e-33
3.864599999999991269e+03,-1.490705617660290490e-33
3.869874999999991360e+03,-1.486664552527547296e-33
3.873124999999991360e+03,-1.484182469484756170e-33
3.878399999999991451e+03,-1.480166256744439532e-33
3.905599999999991269e+03,-1.459697877801152755e-33
3.932799999999991087e+03,-1.439625374085195953e-33
3.938249999999990905e+03,-1.435650210777748110e-33
3.943699999999990723e+03,-1.431690458077047778e-33
3.970899999999990541e+03,-1.412155681908228040e-33
3.998099999999990359e+03,-1.392993226993008648e-33
4.003374999999990450e+03,-1.389319290697970455e-33
4.006624999999990450e+03,-1.387062496021232799e-33
4.011899999999990541e+03,-1.383410482888923671e-33
4.039099999999990359e+03,-1.364791757913824817e-33
4.066299999999990177e+03,-1.346522559689088980e-33
4.071749999999989996e+03,-1.342903272369760875e-33
4.077199999999989814e+03,-1.339297602972301710e-33
4.104399999999989632e+03,-1.321503577118293443e-33
4.131599999999989450e+03,-1.304038835270897643e-33
4.136874999999989086e+03,-1.300689271026082761e-33
4.140124999999989086e+03,-1.298631548946468119e-33
4.145399999999988722e+03,-1.295301390526157337e-33
4.172599999999988540e+03,-1.278317941988024857e-33
4.199799999999988358e+03,-1.261644148378577403e-33
4.205249999999988177e+03,-1.258339838947892793e-33
4.210699999999987995e+03,-1.255047603757363144e-33
4.237899999999987813e+03,-1.238795116589318320e-33
4.265099999999987631e+03,-1.222834818590035654e-33
4.270374999999987267e+03,-1.219772815204437993e-33
4.273624999999987267e+03,-1.217891592568703273e-33
4.278899999999986903e+03,-1.214846823088575262e-33
4.306099999999986721e+03,-1.199313949454940819e-33
4.333299999999986539e+03,-1.184056296304759675e-33
4.338749999999986358e+03,-1.181031683230010244e-33
4.344199999999986176e+03,-1.178017809980024654e-33
4.371399999999985994e+03,-1.163134899868227118e-33
4.398599999999985812e+03,-1.148512083336746889e-33
4.403874999999985448e+03,-1.145705825381541874e-33
4.407124999999985448e+03,-1.143981590145218670e-33
4.412399999999985084e+03,-1.141190685085555722e-33
4.439599999999984902e+03,-1.126948639547792314e-33
4.466799999999984720e+03,-1.112951964217085887e-33
4.472249999999984539e+03,-1.110176495476845031e-33
4.477699999999984357e+03,-1.107410608754646128e-33
4.504899999999984175e+03,-1.093748275921904598e-33
4.532099999999983993e+03,-1.080318164371507862e-33
4.537374999999983629e+03,-1.077740051727905914e-33
4.540624999999983629e+03,-1.076155875080476479e-33
4.545899999999983265e+03,-1.073591480334745562e-33
4.573099999999983083e+03,-1.060501588328153326e-33
4.600299999999982901e+03,-1.047631096908565634e-33
4.605749999999982720e+03,-1.045078219494157547e-33
4.611199999999982538e+03,-1.042533915943305909e-33
4.638399999999982356e+03,-1.029962588645460664e-33
4.665599999999982174e+03,-1.017599192458465209e-33
4.670874999999981810e+03,-1.015225196248389676e-33
4.674124999999981810e+03,-1.013766338192148402e-33
4.679399999999981446e+03,-1.011404633756266368e-33
4.706599999999981264e+03,-9.993460863928087846e-34
4.733799999999981083e+03,-9.874842680863542365e-34
4.739249999999980901e+03,-9.851308238354833848e-34
4.744699999999980719e+03,-9.827850726006434856e-34
4.771899999999980537e+03,-9.711916824274378751e-34
4.799099999999980355e+03,-9.597849832917926442e-34
4.804374999999979991e+03,-9.575941120917119875e-34
4.807624999999979991e+03,-9.562476945129465821e-34
4.812899999999979627e+03,-9.540678669876817652e-34
4.840099999999979445e+03,-9.429350614836487429e-34
4.867299999999979264e+03,-9.319791271672726406e-34
4.872749999999979082e+03,-9.298048509771435593e-34
4.878199999999978900e+03,-9.276374956626487485e-34
4.905399999999978718e+03,-9.169230468113190954e-34
4.932599999999978536e+03,-9.063766557321160699e-34
4.937874999999978172e+03,-9.043505113464187154e-34
4.941124999999978172e+03,-9.031052459036909301e-34
4.946399999999977808e+03,-9.010890493868064713e-34
4.973599999999977626e+03,-8.907893740467395704e-34
5.000799999999977445e+03,-8.806491212232693762e-34
5.006249999999977263e+03,-8.786362225851806965e-34
5.011699999999977081e+03,-8.766295658447679990e-34
5.038899999999976899e+03,-8.667071066886092644e-34
5.066099999999976717e+03,-8.569363080132189924e-34
5.071374999999976353e+03,-8.550587142855761483e-34
5.074624999999976353e+03,-8.539046750086587150e-34
5.079899999999975989e+03,-8.520360640903480083e-34
5.107099999999975807e+03,-8.424880461179815271e-34
5.134299999999975626e+03,-8.330840721606667276e-34
5.139749999999975444e+03,-8.312168847905663736e-34
5.145199999999975262e+03,-8.293553404603585795e-34
5.172399999999975080e+03,-8.201482641216029278e-34
5.199599999999974898e+03,-8.110783755200032996e-34
5.204874999999974534e+03,-8.093350669570503290e-34
5.208124999999974534e+03,-8.082634994651714847e-34
5.213399999999974170e+03,-8.065283212858604036e-34
5.240599999999973988e+03,-7.976600719472536276e-34
5.267799999999973807e+03,-7.889222730237541072e-34
5.273249999999973625e+03,-7.871869603748767732e-34
5.278699999999973443e+03,-7.854567610440733743e-34
5.305899999999973261e+03,-7.768973761382542954e-34
5.333099999999973079e+03,-7.684623682531938791e-34
5.338374999999972715e+03,-7.668407278295933687e-34
5.341624999999972715e+03,-7.658438886641950250e-34
5.346899999999972351e+03,-7.642296235495723139e-34
5.374099999999972169e+03,-7.559775280191554653e-34
5.401299999999971988e+03,-7.478438332848363537e-34
5.406749999999971806e+03,-7.462281401041777833e-34
5.412199999999971624e+03,-7.446170903708597980e-34
5.439399999999971442e+03,-7.366454145014732937e-34
5.466599999999971260e+03,-7.287867448628709366e-34
5.471874999999970896e+03,-7.272755824274899614e-34
5.475124999999970896e+03,-7.263466032487961143e-34
5.480399999999970532e+03,-7.248421454572234043e-34
5.507599999999970350e+03,-7.171497548051776854e-34
5.534799999999970169e+03,-7.095650551151694349e-34
5.540249999999969987e+03,-7.080580970867972654e-34
5.545699999999969805e+03,-7.065553646098080922e-34
5.572899999999969623e+03,-6.991181022346944383e-34
5.600099999999969441e+03,-6.917837266608085545e-34
5.605374999999969077e+03,-6.903730909907502242e-34
5.608624999999969077e+03,-6.895058633825325970e-34
5.613899999999968713e+03,-6.881013351034087040e-34
5.641099999999968531e+03,-6.809184259241691707e-34
5.668299999999968350e+03,-6.738336639896161637e-34
5.673749999999968168e+03,-6.724257490034712547e-34
5.679199999999967986e+03,-6.710216869431722132e-34
5.706399999999967804e+03,-6.640713604278361810e-34
5.733599999999967622e+03,-6.572148920052730665e-34
5.738874999999967258e+03,-6.558959108505703501e-34
5.742124999999967258e+03,-6.550849882703031421e-34
5.747399999999966894e+03,-6.537715812894501403e-34
5.774599999999966712e+03,-6.470533548814040135e-34
5.801799999999966531e+03,-6.404247499191523015e-34
5.807249999999966349e+03,-6.391072256977971855e-34
5.812699999999966167e+03,-6.377932213214776316e-34
5.839899999999965985e+03,-6.312874297402262487e-34
5.867099999999965803e+03,-6.248674209660051663e-34
5.872374999999965439e+03,-6.236321644642609093e-34
5.875624999999965439e+03,-6.228726785099395431e-34
5.880899999999965075e+03,-6.216425189800482251e-34
5.908099999999964894e+03,-6.153489171166445793e-34
5.935299999999964712e+03,-6.091373019465622837e-34
5.940749999999964530e+03,-6.079024257189848863e-34
5.946199999999964348e+03,-6.066707708948108394e-34
5.973399999999964166e+03,-6.005715557477575166e-34
6.000599999999963984e+03,-5.945508838232178816e-34
6.005874999999963620e+03,-5.933922474956435158e-34
6.009124999999963620e+03,-5.926798361697023283e-34
6.014399999999963256e+03,-5.915258687445394143e-34
6.041599999999963075e+03,-5.856209871989016502e-34
6.068799999999962893e+03,-5.797912396869883813e-34
6.074249999999962711e+03,-5.786320663681581875e-34
6.079699999999962529e+03,-5.774758464343940774e-34
6.106899999999962347e+03,-5.717491471570386710e-34
6.134099999999962165e+03,-5.660944859733533317e-34
6.139374999999961801e+03,-5.650060901843718468e-34
6.142624999999961801e+03,-5.643368362455673007e-34
6.147899999999961437e+03,-5.632527244982877359e-34
6.175099999999961256e+03,-5.577043088079337141e-34
6.202299999999961074e+03,-5.522248627369188376e-34
6.207749999999960892e+03,-5.511351486932899316e-34
6.213199999999960710e+03,-5.500481468056886878e-34
6.240399999999960528e+03,-5.446633319446166067e-34
6.267599999999960346e+03,-5.393446971705137685e-34
6.272874999999959982e+03,-5.383208004757562931e-34
6.276124999999959982e+03,-5.376911783019758226e-34
6.281399999999959618e+03,-5.366712188833066135e-34
6.308599999999959437e+03,-5.314502295332090813e-34
6.335799999999959255e+03,-5.262926525617979691e-34
6.341249999999959073e+03,-5.252667725467638783e-34
6.346699999999958891e+03,-5.242433871065477352e-34
6.373899999999958709e+03,-5.191728494655800471e-34
6.401099999999958527e+03,-5.141632054782113596e-34
6.406374999999958163e+03,-5.131986297264109399e-34
6.409624999999958163e+03,-5.126054593811079204e-34
6.414899999999957799e+03,-5.116445078080970287e-34
6.442099999999957618e+03,-5.067247441976734874e-34
6.469299999999957436e+03,-5.018633726673657297e-34
6.474749999999957254e+03,-5.008962479205637180e-34
6.480199999999957072e+03,-4.999314210919252695e-34
6.507399999999956890e+03,-4.951502271319701710e-34
6.534599999999956708e+03,-4.904251464304156218e-34
6.539874999999956344e+03,-4.895152118439027194e-34
6.543124999999956344e+03,-4.889556192587245516e-34
6.548399999999955980e+03,-4.880490255793194696e-34
6.575599999999955799e+03,-4.834067999229795110e-34
6.602799999999955617e+03,-4.788184219836125896e-34
6.608249999999955435e+03,-4.779054578226983295e-34
6.613699999999955253e+03,-4.769946134807367071e-34
6.640899999999955071e+03,-4.724801988734503028e-34
6.668099999999954889e+03,-4.680175661666768264e-34
6.673374999999954525e+03,-4.671580349189886285e-34
6.676624999999954525e+03,-4.666294172850508850e-34
6.681899999999954161e+03,-4.657729701538813534e-34
6.709099999999953980e+03,-4.613868239250320652e-34
6.736299999999953798e+03,-4.570504038526890734e-34
6.741749999999953616e+03,-4.561874353604936273e-34
6.747199999999953434e+03,-4.553264250825798303e-34
6.774399999999953252e+03,-4.510583296436544514e-34
6.801599999999953070e+03,-4.468380840784264199e-34
6.806874999999952706e+03,-4.460251111287289233e-34
6.810124999999952706e+03,-4.455251067366434069e-34
6.815399999999952342e+03,-4.447149846755601949e-34
6.842599999999952161e+03,-4.405654414034030328e-34
6.869799999999951979e+03,-4.364618791371067178e-34
6.875249999999951797e+03,-4.356451237726204355e-34
6.880699999999951615e+03,-4.348301797099615049e-34
6.907899999999951433e+03,-4.307898160285638412e-34
6.935099999999951251e+03,-4.267937260714416740e-34
6.940374999999950887e+03,-4.260238162140975597e-34
6.943624999999950887e+03,-4.255502781045147376e-34
6.948899999999950523e+03,-4.247830069176624114e-34
6.976099999999950342e+03,-4.208523561346195586e-34
7.003299999999950160e+03,-4.169642770089311258e-34
7.008749999999949978e+03,-4.161902931566517414e-34
7.014199999999949796e+03,-4.154179868074504428e-34
7.041399999999949614e+03,-4.115884377887090487e-34
7.068599999999949432e+03,-4.077999041424811772e-34
7.073874999999949068e+03,-4.070698743942614658e-34
7.077124999999949068e+03,-4.066208472812006334e-34
7.082399999999948704e+03,-4.058932627565855986e-34
7.109599999999948523e+03,-4.021653707115768562e-34
7.136799999999948341e+03,-3.984769411488511164e-34
7.142249999999948159e+03,-3.977425917750552206e-34
7.147699999999947977e+03,-3.970097978335347218e-34
7.174899999999947795e+03,-3.933756391166343614e-34
7.202099999999947613e+03,-3.897795217693879968e-34
7.207374999999947249e+03,-3.890864683529069165e-34
7.210624999999947249e+03,-3.886601683655163200e-34
7.215899999999946886e+03,-3.879693835295175067e-34
7.243099999999946704e+03,-3.844295269603302779e-34
7.270299999999946522e+03,-3.809262925393309468e-34
7.275749999999946340e+03,-3.802287132517440924e-34
7.281199999999946158e+03,-3.795325778342382127e-34
7.308399999999945976e+03,-3.760797216682014638e-34
7.335599999999945794e+03,-3.726621877699979405e-34
7.340874999999945430e+03,-3.720034570651386024e-34
7.344124999999945430e+03,-3.715982539228400662e-34
7.349399999999945067e+03,-3.709416302259788503e-34
7.376599999999944885e+03,-3.675763500481965937e-34
7.403799999999944703e+03,-3.642450929094539124e-34
7.409249999999944521e+03,-3.635816638233180552e-34
7.414699999999944339e+03,-3.629195764783873814e-34
7.441899999999944157e+03,-3.596351341538845448e-34
7.469099999999943975e+03,-3.563835239136584025e-34
7.474374999999943611e+03,-3.557566868431658993e-34
7.477624999999943611e+03,-3.553710881369824767e-34
7.482899999999943248e+03,-3.547462100426005246e-34
7.510099999999943066e+03,-3.515431822834608276e-34
7.537299999999942884e+03,-3.483717952858085005e-34
7.542749999999942702e+03,-3.477401161883652620e-34
7.548199999999942520e+03,-3.471096851862676564e-34
7.575399999999942338e+03,-3.439818455533369279e-34
7.602599999999942156e+03,-3.408845537648312390e-34
7.607874999999941792e+03,-3.402873831592436231e-34
7.611124999999941792e+03,-3.399200204604967358e-34
7.616399999999941429e+03,-3.393246729861036502e-34
7.643599999999941247e+03,-3.362725946858737026e-34
7.670799999999941065e+03,-3.332499701089231400e-34
7.676249999999940883e+03,-3.326478384889114801e-34
7.681699999999940701e+03,-3.320468689597918987e-34
7.708899999999940519e+03,-3.290647909231165818e-34
7.736099999999940337e+03,-3.261111620777823595e-34
7.741374999999939973e+03,-3.255416126311521233e-34
7.744624999999939973e+03,-3.251912291893373437e-34
7.749899999999939610e+03,-3.246233780159274648e-34
7.777099999999939428e+03,-3.217118661503340089e-34
7.804299999999939246e+03,-3.188277970571181879e-34
7.809749999999939064e+03,-3.182531886285485332e-34
7.815199999999938882e+03,-3.176796631809595844e-34
7.842399999999938700e+03,-3.148333803684604362e-34
7.869599999999938518e+03,-3.120136156069064561e-34
7.874874999999938154e+03,-3.114698060905332959e-34
7.878124999999938154e+03,-3.111352459163402748e-34
7.883399999999937791e+03,-3.105930197361567262e-34
7.910599999999937609e+03,-3.078125214920220704e-34
7.937799999999937427e+03,-3.050576141351456251e-34
7.943249999999937245e+03,-3.045086655374282564e-34
7.948699999999937063e+03,-3.039607270412202134e-34
7.975899999999936881e+03,-3.012410630980977842e-34
8.003099999999936699e+03,-2.985461374993567399e-34
8.008374999999936335e+03,-2.980263349478132272e-34
8.011624999999936335e+03,-2.977065331061078308e-34
8.016899999999935972e+03,-2.971882079258750377e-34
8.044099999999935790e+03,-2.945299208973062732e-34
8.071299999999935608e+03,-2.918955167792222573e-34
8.076749999999935426e+03,-2.913705101803386813e-34
8.082199999999935244e+03,-2.908464464422827052e-34
8.109399999999935062e+03,-2.882449396193395066e-34
8.136599999999934880e+03,-2.856665285366875368e-34
8.141874999999934516e+03,-2.851691341602233278e-34
8.145124999999934516e+03,-2.848631081221988335e-34
8.150399999999934153e+03,-2.843670932782340678e-34
8.177599999999933971e+03,-2.818228943497733878e-34
8.204799999999933789e+03,-2.793010007402857232e-34
8.210249999999934516e+03,-2.787983501074875976e-34
8.215699999999935244e+03,-2.782965802055261653e-34
8.242899999999935972e+03,-2.758054160942425841e-34
8.270099999999936699e+03,-2.733358294239107831e-34
8.275374999999936335e+03,-2.728593660350889686e-34
8.278624999999936335e+03,-2.725662079594857966e-34
8.283899999999935972e+03,-2.720910336345200809e-34
8.311099999999936699e+03,-2.696534154865804371e-34
8.338299999999937427e+03,-2.672366433640693571e-34
8.343749999999938154e+03,-2.667548821986848250e-34
8.349199999999938882e+03,-2.662739442725982898e-34
8.376399999999939610e+03,-2.638858956954469354e-34
8.403599999999940337e+03,-2.615180191155363118e-34
8.408874999999939973e+03,-2.610611198866579176e-34
8.412124999999939973e+03,-2.607799897175551045e-34
8.417399999999939610e+03,-2.603242957774995249e-34
8.444599999999940337e+03,-2.579863100930976854e-34
8.471799999999941065e+03,-2.556678186150488881e-34
8.477249999999941792e+03,-2.552055889753013673e-34
8.482699999999942520e+03,-2.547441292987157542e-34
8.509899999999943248e+03,-2.524525024960844725e-34
8.537099999999943975e+03,-2.501797448416276422e-34
8.542374999999943611e+03,-2.497411432339735394e-34
8.545624999999943611e+03,-2.494712625176467601e-34
8.550899999999943248e+03,-2.490337885107725457e-34
8.578099999999943975e+03,-2.467889950850985098e-34
8.605299999999944703e+03,-2.445624418121517382e-34
8.610749999999945430e+03,-2.441184844712160634e-34
8.616199999999946158e+03,-2.436752476530573410e-34
8.643399999999946886e+03,-2.414738340215797967e-34
8.670599999999947613e+03,-2.392900800715718522e-34
8.675874999999947249e+03,-2.388686007983987263e-34
8.679124999999947249e+03,-2.386092471345627400e-34
8.684399999999946886e+03,-2.381888233162509268e-34
8.711599999999947613e+03,-2.360312443753399111e-34
8.738799999999948341e+03,-2.338907405745441248e-34
8.744249999999949068e+03,-2.334638861810090681e-34
8.749699999999949796e+03,-2.330377063643218950e-34
8.776899999999950523e+03,-2.309207390984929434e-34
8.804099999999951251e+03,-2.288203071447681041e-34
8.809374999999950887e+03,-2.284148580478906398e-34
8.812624999999950887e+03,-2.281653601016143039e-34
8.817899999999950523e+03,-2.277608993655688452e-34
8.845099999999951251e+03,-2.256849784900620638e-34
8.872299999999951979e+03,-2.236250489299727389e-34
8.877749999999952706e+03,-2.232142100549792809e-34
8.883199999999953434e+03,-2.228040029980251693e-34
8.910399999999954161e+03,-2.207661180702170741e-34
8.937599999999954889e+03,-2.187437217187579015e-34
8.942874999999954525e+03,-2.183532864539194049e-34
8.946124999999954525e+03,-2.181130194639246257e-34
8.951399999999954161e+03,-2.177235100759495199e-34
8.978599999999954889e+03,-2.157240752029545701e-34
9.005799999999955617e+03,-2.137396219279091015e-34
9.011249999999956344e+03,-2.133437858979286033e-34
9.016699999999957072e+03,-2.129485418370772537e-34
9.043899999999957799e+03,-2.109847428226277162e-34
9.071099999999958527e+03,-2.090354565472829726e-34
9.076374999999958163e+03,-2.086590879867291325e-34
9.079624999999958163e+03,-2.084274697138883479e-34
9.084899999999957799e+03,-2.080519687574245316e-34
9.112099999999958527e+03,-2.061241987997700759e-34
9.139299999999959255e+03,-2.042104684349684533e-34
9.144749999999959982e+03,-2.038286908618297900e-34
9.150199999999960710e+03,-2.034474680683383758e-34
9.177399999999961437e+03,-2.015530943840071322e-34
9.204599999999962165e+03,-1.996723224123947532e-34
9.209874999999961801e+03,-1.993091366844532313e-34
9.213124999999961801e+03,-1.990856237512810248e-34
9.218399999999961437e+03,-1.987232512051772055e-34
9.245599999999962165e+03,-1.968626458845033018e-34
9.272799999999962893e+03,-1.950152000789875962e-34
9.278249999999963620e+03,-1.946465990096822056e-34
9.283699999999964348e+03,-1.942785179632964099e-34
9.310899999999965075e+03,-1.924492161405779264e-34
9.338099999999965803e+03,-1.906326643035794168e-34
9.343374999999965439e+03,-1.902818353988876453e-34
9.346624999999965439e+03,-1.900659199768588174e-34
9.351899999999965075e+03,-1.897158533555995312e-34
9.379099999999965803e+03,-1.879182058950967017e-34
9.406299999999966531e+03,-1.861328945576556645e-34
9.411749999999967258e+03,-1.857766451758832753e-34
9.417199999999967986e+03,-1.854208832875836662e-34
9.444399999999968713e+03,-1.836525809483638813e-34
9.471599999999969441e+03,-1.818962311692848450e-34
9.476874999999969077e+03,-1.815569860518189594e-34
9.480124999999969077e+03,-1.813481928585620428e-34
9.485399999999968713e+03,-1.810096623536094606e-34
9.512599999999969441e+03,-1.792710347189661608e-34
9.539799999999970169e+03,-1.775439717435062222e-34
9.545249999999970896e+03,-1.771993015630978748e-34
9.550699999999971624e+03,-1.768550883874368636e-34
9.577899999999972351e+03,-1.751439706293388155e-34
9.605099999999973079e+03,-1.734440577675312665e-34
9.610374999999972715e+03,-1.731156719359691009e-34
9.613624999999972715e+03,-1.729135555089143863e-34
9.618899999999972351e+03,-1.725858395771332436e-34
9.646099999999973079e+03,-1.709025399913194560e-34
9.673299999999973807e+03,-1.692300812042669755e-34
9.678749999999974534e+03,-1.688962657017145897e-34
9.684199999999975262e+03,-1.685628785862451845e-34
9.711399999999975989e+03,-1.669053665196088801e-34
9.738599999999976717e+03,-1.652583573169770822e-34
9.743874999999976353e+03,-1.649401507683410982e-34
9.747124999999976353e+03,-1.647442929853317974e-34
9.752399999999975989e+03,-1.644267143368225760e-34
9.779599999999976717e+03,-1.627952768265489200e-34
9.806799999999977445e+03,-1.611739999201522811e-34
9.812249999999978172e+03,-1.608503585596451188e-34
9.817699999999978900e+03,-1.605271186850697326e-34
9.844899999999979627e+03,-1.589198498936076340e-34
9.872099999999980355e+03,-1.573224238016712539e-34
9.877374999999979991e+03,-1.570137573547731952e-34
9.880624999999979991e+03,-1.568237651755715856e-34
9.885899999999979627e+03,-1.565156871187662514e-34
9.913099999999980355e+03,-1.549328528784986177e-34
9.940299999999981083e+03,-1.533595391211637630e-34
9.945749999999981810e+03,-1.530454317309001336e-34
9.951199999999982538e+03,-1.527317005009153538e-34
9.978399999999983265e+03,-1.511715112242926576e-34
1.000559999999998399e+04,-1.496205429149783178e-34
1.001087499999998363e+04,-1.493208148560516035e-34
1.001412499999998363e+04,-1.491363182616539003e-34
1.001939999999998327e+04,-1.488371413683468598e-34
1.004659999999998399e+04,-1.472998417522034796e-34
1.007379999999998472e+04,-1.457714592907791454e-34
1.007924999999998545e+04,-1.454662827540055434e-34
1.008469999999998618e+04,-1.451614584984772025e-34
1.011189999999998690e+04,-1.436453673579490216e-34
1.013909999999998763e+04,-1.421379107435309064e-34
1.014437499999998727e+04,-1.418465537606822564e-34
1.014762499999998727e+04,-1.416672038699624008e-34
1.015289999999998690e+04,-1.413763629271610543e-34
1.018009999999998763e+04,-1.398817039003686802e-34
1.020729999999998836e+04,-1.383953924900653811e-34
1.021274999999998909e+04,-1.380985777183982570e-34
1.021819999999998981e+04,-1.378020926775685835e-34
1.024539999999999054e+04,-1.363272857857988219e-34
1.027259999999999127e+04,-1.348605593928718500e-34
1.027787499999999091e+04,-1.345770377696938413e-34
1.028112499999999091e+04,-1.344025051151704424e-34
1.028639999999999054e+04,-1.341194663343293451e-34
1.031359999999999127e+04,-1.326647142345942743e-34
1.034079999999999200e+04,-1.312177712504055942e-34
1.034624999999999272e+04,-1.309287804105634852e-34
1.035169999999999345e+04,-1.306400979715632652e-34
1.037889999999999418e+04,-1.292039152852489141e-34
1.040609999999999491e+04,-1.277752888446502149e-34
1.041137499999999454e+04,-1.274990958865924081e-34
1.041462499999999454e+04,-1.273290688331122415e-34
1.041989999999999418e+04,-1.270533272905373348e-34
1.044709999999999491e+04,-1.256358957660455244e-34
1.047429999999999563e+04,-1.242257633654620574e-34
1.047974999999999636e+04,-1.239440873336859046e-34
1.048519999999999709e+04,-1.236626994937440254e-34
1.051239999999999782e+04,-1.222626222830142075e-34
1.053959999999999854e+04,-1.208696044125493735e-34
1.054487499999999818e+04,-1.206002600824911594e-34
1.054812499999999818e+04,-1.204344433743674691e-34
1.055339999999999782e+04,-1.201655206594097009e-34
1.058059999999999854e+04,-1.187829586645227556e-34
1.060779999999999927e+04,-1.174072119853076871e-34
1.061325000000000000e+04,-1.171323680064959415e-34
1.061870000000000073e+04,-1.168577930399805782e-34
1.064590000000000146e+04,-1.154914323620079260e-34
1.067310000000000218e+04,-1.141316592319539177e-34
1.067837500000000182e+04,-1.138687079739305697e-34
1.068162500000000182e+04,-1.137068213976141272e-34
1.068690000000000146e+04,-1.134442634477481685e-34
1.071410000000000218e+04,-1.120942441900663990e-34
1.074130000000000291e+04,-1.107505804791397984e-34
1.074675000000000364e+04,-1.104821100101526673e-34
1.075220000000000437e+04,-1.102138903189874785e-34
1.077940000000000509e+04,-1.088789763950796409e-34
1.080660000000000582e+04,-1.075502012779655029e-34
1.081187500000000546e+04,-1.072932100101982224e-34
1.081512500000000546e+04,-1.071349871609101224e-34
1.082040000000000509e+04,-1.068783622649819861e-34
1.084760000000000582e+04,-1.055586730085307815e-34
1.087480000000000655e+04,-1.042449015888088442e-34
1.088025000000000728e+04,-1.039823683075198719e-34
1.088570000000000800e+04,-1.037200684366404864e-34
1.091290000000000873e+04,-1.024144408424970987e-34
1.094010000000000946e+04,-1.011145244588116839e-34
1.094537500000000909e+04,-1.008630807191306706e-34
1.094862500000000909e+04,-1.007082678610694760e-34
1.095390000000000873e+04,-1.004571648139175115e-34
1.098110000000000946e+04,-9.916569745297234489e-35
1.100830000000001019e+04,-9.787973044451570229e-35
1.101375000000001091e+04,-9.762271840807056865e-35
1.101920000000001164e+04,-9.736592320944701968e-35
1.104640000000001237e+04,-9.608752179743806961e-35
1.107360000000001310e+04,-9.481442337784837826e-35
1.107887500000001273e+04,-9.456813360630355763e-35
1.108212500000001273e+04,-9.441648861709369977e-35
1.108740000000001237e+04,-9.417051501043997284e-35
1.111460000000001310e+04,-9.290525733709871683e-35
1.114180000000001382e+04,-9.164510105730425740e-35
1.114725000000001455e+04,-9.139321299469677980e-35
1.115270000000001528e+04,-9.114152592509767446e-35
1.117990000000001601e+04,-8.988838240549884692e-35
1.120710000000001673e+04,-8.864015139804358861e-35
1.121237500000001637e+04,-8.839863934300387848e-35
1.121562500000001637e+04,-8.824993073397184665e-35
1.122090000000001601e+04,-8.800871136997314903e-35
1.124810000000001673e+04,-8.676773896616849468e-35
1.127530000000001746e+04,-8.553148594112623321e-35
1.128075000000001819e+04,-8.528434166665938960e-35
1.128620000000001892e+04,-8.503738320578271177e-35
1.131340000000001965e+04,-8.380761332103518236e-35
1.134060000000002037e+04,-8.258238167870640412e-35
1.134587500000002001e+04,-8.234528691407346539e-35
1.134912500000002001e+04,-8.219929291875194995e-35
1.135440000000001965e+04,-8.196246833391760301e-35
1.138160000000002037e+04,-8.074393702524806340e-35
1.140880000000002110e+04,-7.952975855090509398e-35
1.141425000000002183e+04,-7.928699348639206697e-35
1.141970000000002256e+04,-7.904439966326353103e-35
1.144690000000002328e+04,-7.783619589561597726e-35
1.147410000000002401e+04,-7.663217088587229360e-35
1.147937500000002365e+04,-7.639914742821021198e-35
1.148262500000002365e+04,-7.625565515219084642e-35
1.148790000000002328e+04,-7.602288024053618513e-35
1.151510000000002401e+04,-7.482501905519300940e-35
1.154230000000002474e+04,-7.363115825271653920e-35
1.154775000000002547e+04,-7.339242204741216080e-35
1.155320000000002619e+04,-7.315384306408782043e-35
1.158040000000002692e+04,-7.196546782252603102e-35
1.160760000000002765e+04,-7.078092530569454787e-35
1.161287500000002728e+04,-7.055164032110327835e-35
1.161612500000002728e+04,-7.041044494699393179e-35
1.162140000000002692e+04,-7.018138767232192828e-35
1.164860000000002765e+04,-6.900249225359984934e-35
1.167580000000002838e+04,-6.782725756841009745e-35
1.168125000000002910e+04,-6.759221280666266680e-35
1.168670000000002983e+04,-6.735731174926249645e-35
1.171390000000003056e+04,-6.618709098653369209e-35
1.174110000000003129e+04,-6.502036911482901840e-35
1.174637500000003092e+04,-6.479450170630903708e-35
1.174962500000003092e+04,-6.465540574810649575e-35
1.175490000000003056e+04,-6.442974593621709645e-35
1.178210000000003129e+04,-6.326817236168659284e-35
1.180930000000003201e+04,-6.210993146010431174e-35
1.181475000000003274e+04,-6.187825244760418591e-35
1.182020000000003347e+04,-6.164670407558619842e-35
1.184740000000003420e+04,-6.049302129043916928e-35
1.187460000000003492e+04,-5.934251458353840224e-35
1.187987500000003456e+04,-5.911975465039209748e-35
1.188312500000003456e+04,-5.898256725208111210e-35
1.188840000000003420e+04,-5.875999545450237950e-35
1.191560000000003492e+04,-5.761415441897101176e-35
1.194280000000003565e+04,-5.647132844037130310e-35
1.194825000000003638e+04,-5.624270006064727097e-35
1.195370000000003711e+04,-5.601418966600532958e-35
1.198090000000003783e+04,-5.487548024957574616e-35
1.200810000000003856e+04,-5.373963400639344112e-35
1.201337500000003820e+04,-5.351968116791881205e-35
1.201662500000003820e+04,-5.338421744153531808e-35
1.202190000000003783e+04,-5.316443386307493360e-35
1.204910000000003856e+04,-5.203278518602984306e-35
1.207630000000003929e+04,-5.090384331186425722e-35
1.208175000000004002e+04,-5.067795994536583149e-35
1.208720000000004075e+04,-5.045218227411313235e-35
1.211440000000004147e+04,-4.932692816272613840e-35
1.214160000000004220e+04,-4.820423317229345956e-35
1.214687500000004184e+04,-4.798679574864750340e-35
1.215012500000004184e+04,-4.785287614743108299e-35
1.215540000000004147e+04,-4.763558963046160554e-35
1.218260000000004220e+04,-4.651663705181241378e-35
1.220980000000004293e+04,-4.540009135590882516e-35
1.221525000000004366e+04,-4.517665585461352676e-35
1.222070000000004438e+04,-4.495331408351367814e-35
1.224790000000004511e+04,-4.384003868311259041e-35
1.227510000000004584e+04,-4.272902620031893965e-35
1.228037500000004547e+04,-4.251382024397318743e-35
1.228362500000004547e+04,-4.238126996656530261e-35
1.228890000000004511e+04,-4.216619702549816972e-35
1.231610000000004584e+04,-4.105848325618392825e-35
1.234330000000004657e+04,-3.995288380340190976e-35
1.234875000000004729e+04,-3.973160651441007428e-35
1.235420000000004802e+04,-3.951041127644035264e-35
1.238140000000004875e+04,-3.840767462641485307e-35
1.240860000000004948e+04,-3.730691158086769455e-35
1.241387500000004911e+04,-3.709365995255325725e-35
1.241712500000004911e+04,-3.696230837449052596e-35
1.242240000000004875e+04,-3.674917227436501481e-35
1.244960000000004948e+04,-3.565127427077980258e-35
1.247680000000005020e+04,-3.455520443342354460e-35
1.248225000000005093e+04,-3.433580226546308323e-35
1.248770000000005166e+04,-3.411647071794782736e-35
1.251490000000005239e+04,-3.302286486436945881e-35
1.254210000000005311e+04,-3.193094927279665319e-35
1.254737500000005275e+04,-3.171938075625046664e-35
1.255062500000005275e+04,-3.158906088525641227e-35
1.255590000000005239e+04,-3.137759075877885475e-35
1.258310000000005311e+04,-3.028811519204495397e-35
1.261030000000005384e+04,-2.920018715544846114e-35
1.261575000000005457e+04,-2.898238268260823520e-35
1.262120000000005530e+04,-2.876463761235624537e-35
1.264840000000005602e+04,-2.767878216255810647e-35
1.267560000000005675e+04,-2.659433871704788058e-35
1.268087500000005639e+04,-2.638418716722851815e-35
1.268412500000005639e+04,-2.625473511902378088e-35
1.268940000000005602e+04,-2.604466511674731851e-35
1.271660000000005675e+04,-2.496224400965123071e-35
1.274380000000005748e+04,-2.388109444008312014e-35
1.274925000000005821e+04,-2.366461503743242535e-35
1.275470000000005894e+04,-2.344818399754863426e-35
1.278190000000005966e+04,-2.236872182964113637e-35
1.280910000000006039e+04,-2.129039763561731056e-35
1.281437500000006003e+04,-2.108140115536181349e-35
1.281762500000006003e+04,-2.095265564690151185e-35
1.282290000000005966e+04,-2.074372411553420819e-35
1.285010000000006039e+04,-1.966701062146324894e-35
1.287730000000006112e+04,-1.859129647096743305e-35
1.288275000000006185e+04,-1.837587347700811699e-35
1.288820000000006257e+04,-1.816048795033800866e-35
1.291540000000006330e+04,-1.708608105265152075e-35
1.294260000000006403e+04,-1.601254149183060046e-35
1.294787500000006366e+04,-1.580444163218111460e-35
1.295112500000006366e+04,-1.567624348938409235e-35
1.295640000000006330e+04,-1.546819217347020981e-35
1.298360000000006403e+04,-1.439585647296372158e-35
1.301080000000006476e+04,-1.332425089698230233e-35
1.301625000000006548e+04,-1.310961879812198295e-35
1.302170000000006621e+04,-1.289501338252417086e-35
1.304890000000006694e+04,-1.182433879913503882e-35
1.307610000000006767e+04,-1.075426349383057357e-35
1.308137500000006730e+04,-1.054680447347059231e-35
1.308462500000006730e+04,-1.041899615063424656e-35
1.308990000000006694e+04,-1.021156941306026870e-35
1.311710000000006767e+04,-9.142294704640677829e-36
1.314430000000006839e+04,-8.073483069271286411e-36
1.314975000000006912e+04,-7.859378701699962411e-36
1.315520000000006985e+04,-7.645290312538051745e-36
1.318240000000007058e+04,-6.577036171977165366e-36
1.320960000000007130e+04,-5.509115028018613221e-36
1.321487500000007094e+04,-5.302042967428617490e-36
1.321812500000007094e+04,-5.174468075627773623e-36
1.322340000000007058e+04,-4.967412132571721982e-36
1.325060000000007130e+04,-3.899890695355798975e-36
1.327780000000007203e+04,-2.832566651889678076e-36
1.328325000000007276e+04,-2.618728416399219872e-36
1.328870000000007349e+04,-2.404895501795804062e-36
1.331590000000007421e+04,-1.337757106775726386e-36
1.334310000000007494e+04,-2.706864130013758467e-37
1.334837500000007458e+04,-6.374857907365454887e-38
1.335162500000007458e+04,6.374857907946223689e-38
1.335690000000007421e+04,2.706864130072575160e-37
1.338410000000007494e+04,1.337757106781608305e-36
1.341130000000007567e+04,2.404895501801539481e-36
1.341675000000007640e+04,2.618728416404954289e-36
1.342220000000007713e+04,2.832566651895415165e-36
1.344940000000007785e+04,3.899890695361685071e-36
1.347660000000007858e+04,4.967412132577530568e-36
1.348187500000007822e+04,5.174468075633586218e-36
1.348512500000007822e+04,5.302042967434431422e-36
1.349040000000007785e+04,5.509115028024425816e-36
1.351760000000007858e+04,6.577036171982974620e-36
1.354480000000007931e+04,7.645290312543866345e-36
1.355025000000008004e+04,7.859378701705702173e-36
1.355570000000008076e+04,8.073483069277027509e-36
1.358290000000008149e+04,9.142294704646499110e-36
1.361010000000008222e+04,1.021156941306601381e-35
1.361537500000008185e+04,1.041899615064007586e-35
1.361862500000008185e+04,1.054680447347641359e-35
1.362390000000008149e+04,1.075426349383639886e-35
1.365110000000008222e+04,1.182433879914086412e-35
1.367830000000008295e+04,1.289501338253000016e-35
1.368375000000008367e+04,1.310961879812780957e-35
1.368920000000008440e+04,1.332425089698805412e-35
1.371640000000008513e+04,1.439585647296963106e-35
1.374360000000008586e+04,1.546819217347596961e-35
1.374887500000008549e+04,1.567624348938985751e-35
1.375212500000008549e+04,1.580444163218688777e-35
1.375740000000008513e+04,1.601254149183636561e-35
1.378460000000008586e+04,1.708608105265744092e-35
1.381180000000008658e+04,1.816048795034385132e-35
1.381725000000008731e+04,1.837587347701397836e-35
1.382270000000008804e+04,1.859129647097327571e-35
1.384990000000008877e+04,1.966701062146911299e-35
1.387710000000008949e+04,2.074372411554014173e-35
1.388237500000008913e+04,2.095265564690730907e-35
1.388562500000008913e+04,2.108140115536760537e-35
1.389090000000008877e+04,2.129039763562310511e-35
1.391810000000008949e+04,2.236872182964701377e-35
1.394530000000009022e+04,2.344818399755443950e-35
1.395075000000009095e+04,2.366461503743828672e-35
1.395620000000009168e+04,2.388109444008899755e-35
1.398340000000009240e+04,2.496224400965712149e-35
1.401060000000009313e+04,2.604466511675331085e-35
1.401587500000009277e+04,2.625473511902976787e-35
1.401912500000009277e+04,2.638418716723448376e-35
1.402440000000009240e+04,2.659433871705370721e-35
1.405160000000009313e+04,2.767878216256400259e-35
1.407880000000009386e+04,2.876463761236208803e-35
1.408425000000009459e+04,2.898238268261415271e-35
1.408970000000009532e+04,2.920018715545439467e-35
1.411690000000009604e+04,3.028811519205087682e-35
1.414410000000009677e+04,3.137759075878488451e-35
1.414937500000009641e+04,3.158906088526242064e-35
1.415262500000009641e+04,3.171938075625641086e-35
1.415790000000009604e+04,3.193094927280260276e-35
1.418510000000009677e+04,3.302286486437533355e-35
1.421230000000009750e+04,3.411647071795385177e-35
1.421775000000009823e+04,3.433580226546896331e-35
1.422320000000009895e+04,3.455520443342949952e-35
1.425040000000009968e+04,3.565127427078578423e-35
1.427760000000010041e+04,3.674917227437099111e-35
1.428287500000010004e+04,3.696230837449659314e-35
1.428612500000010004e+04,3.709365995255924424e-35
1.429140000000009968e+04,3.730691158087368154e-35
1.431860000000010041e+04,3.840767462642083471e-35
1.434580000000010114e+04,3.951041127644642517e-35
1.435125000000010186e+04,3.973160651441615215e-35
1.435670000000010259e+04,3.995288380340794486e-35
1.438390000000010332e+04,4.105848325618993663e-35
1.441110000000010405e+04,4.216619702550419948e-35
1.441637500000010368e+04,4.238126996657134306e-35
1.441962500000010368e+04,4.251382024397925461e-35
1.442490000000010332e+04,4.272902620032495872e-35
1.445210000000010405e+04,4.384003868311860413e-35
1.447930000000010477e+04,4.495331408351982015e-35
1.448475000000010550e+04,4.517665585461966878e-35
1.449020000000010623e+04,4.540009135591496717e-35
1.451740000000010696e+04,4.651663705181848095e-35
1.454460000000010768e+04,4.763558963046770479e-35
1.454987500000010732e+04,4.785287614743718759e-35
1.455312500000010732e+04,4.798679574865361334e-35
1.455840000000010696e+04,4.820423317229957485e-35
1.458560000000010768e+04,4.932692816273228576e-35
1.461280000000010841e+04,5.045218227411926902e-35
1.461825000000010914e+04,5.067795994537201092e-35
1.462370000000010987e+04,5.090384331187049011e-35
1.465090000000011059e+04,5.203278518603591558e-35
1.467810000000011132e+04,5.316443386308116649e-35
1.468337500000011096e+04,5.338421744154150820e-35
1.468662500000011096e+04,5.351968116792488457e-35
1.469190000000011059e+04,5.373963400639958848e-35
1.471910000000011132e+04,5.487548024958194698e-35
1.474630000000011205e+04,5.601418966601159454e-35
1.475175000000011278e+04,5.624270006065346109e-35
1.475720000000011350e+04,5.647132844037761083e-35
1.478440000000011423e+04,5.761415441897714843e-35
1.481160000000011496e+04,5.875999545450872999e-35
1.481687500000011460e+04,5.898256725208735568e-35
1.482012500000011460e+04,5.911975465039840521e-35
1.482540000000011423e+04,5.934251458354474204e-35
1.485260000000011496e+04,6.049302129044543424e-35
1.487980000000011569e+04,6.164670407559248476e-35
1.488525000000011642e+04,6.187825244761044018e-35
1.489070000000011714e+04,6.210993146011061947e-35
1.491790000000011787e+04,6.326817236169285780e-35
1.494510000000011860e+04,6.442974593622353247e-35
1.495037500000011823e+04,6.465540574811295315e-35
1.495362500000011823e+04,6.479450170631545172e-35
1.495890000000011787e+04,6.502036911483542234e-35
1.498610000000011860e+04,6.618709098653994636e-35
1.501330000000011933e+04,6.735731174926886832e-35
1.501875000000012005e+04,6.759221280666906005e-35
1.502420000000012078e+04,6.782725756841653347e-35
1.505140000000012151e+04,6.900249225360622121e-35
1.507860000000012224e+04,7.018138767232833222e-35
1.508387500000012187e+04,7.041044494700035712e-35
1.508712500000012187e+04,7.055164032110982128e-35
1.509240000000012151e+04,7.078092530570106942e-35
1.511960000000012224e+04,7.196546782253243497e-35
1.514680000000012296e+04,7.315384306409432060e-35
1.515225000000012369e+04,7.339242204741868234e-35
1.515770000000012442e+04,7.363115825272312489e-35
1.518490000000012515e+04,7.482501905519953095e-35
1.521210000000012587e+04,7.602288024054270668e-35
1.521737500000012551e+04,7.625565515219742142e-35
1.522062500000012551e+04,7.639914742821671215e-35
1.522590000000012515e+04,7.663217088587887930e-35
1.525310000000012587e+04,7.783619589562254157e-35
1.528030000000012660e+04,7.904439966327023432e-35
1.528575000000012733e+04,7.928699348639868474e-35
1.529120000000012806e+04,7.952975855091169037e-35
1.531840000000012878e+04,8.074393702525458494e-35
1.534560000000012951e+04,8.196246833392426354e-35
1.535087500000012915e+04,8.219929291875867463e-35
1.535412500000012915e+04,8.234528691408014730e-35
1.535940000000012878e+04,8.258238167871302188e-35
1.538660000000012951e+04,8.380761332104183220e-35
1.541380000000013024e+04,8.503738320578936161e-35
1.541925000000013097e+04,8.528434166666617842e-35
1.542470000000013169e+04,8.553148594113295788e-35
1.545190000000013242e+04,8.676773896617512314e-35
1.547910000000013315e+04,8.800871136997983094e-35
1.548437500000013279e+04,8.824993073397859271e-35
1.548762500000013279e+04,8.839863934301062454e-35
1.549290000000013242e+04,8.864015139805049504e-35
1.552010000000013315e+04,8.988838240550564643e-35
1.554730000000013388e+04,9.114152592510453812e-35
1.555275000000013461e+04,9.139321299470365415e-35
1.555820000000013533e+04,9.164510105731098208e-35
1.558540000000013606e+04,9.290525733710568740e-35
1.561260000000013679e+04,9.417051501044684719e-35
1.561787500000013642e+04,9.441648861710059550e-35
1.562112500000013642e+04,9.456813360631049613e-35
1.562640000000013606e+04,9.481442337785530607e-35
1.565360000000013679e+04,9.608752179744496534e-35
1.568080000000013752e+04,9.736592320945394749e-35
1.568625000000013824e+04,9.762271840807753922e-35
1.569170000000013897e+04,9.787973044452267286e-35
1.571890000000013970e+04,9.916569745297948652e-35
1.574610000000014043e+04,1.004571648139244607e-34
1.575137500000014006e+04,1.007082678610763611e-34
1.575462500000014006e+04,1.008630807191377480e-34
1.575990000000013970e+04,1.011145244588187400e-34
1.578710000000014043e+04,1.024144408425041976e-34
1.581430000000014115e+04,1.037200684366476280e-34
1.581975000000014188e+04,1.039823683075270135e-34
1.582520000000014261e+04,1.042449015888159430e-34
1.585240000000014334e+04,1.055586730085381155e-34
1.587960000000014406e+04,1.068783622649890636e-34
1.588487500000014370e+04,1.071349871609172641e-34
1.588812500000014370e+04,1.072932100102055351e-34
1.589340000000014334e+04,1.075502012779726659e-34
1.592060000000014406e+04,1.088789763950869964e-34
1.594780000000014479e+04,1.102138903189947698e-34
1.595325000000014552e+04,1.104821100101599586e-34
1.595870000000014625e+04,1.107505804791470897e-34
1.598590000000014697e+04,1.120942441900737544e-34
1.601310000000014770e+04,1.134442634477555667e-34
1.601837500000014734e+04,1.137068213976214398e-34
1.602162500000014734e+04,1.138687079739379252e-34
1.602690000000014697e+04,1.141316592319611876e-34
1.605410000000014770e+04,1.154914323620154525e-34
1.608130000000014843e+04,1.168577930399879978e-34
1.608675000000014916e+04,1.171323680065034038e-34
1.609220000000014988e+04,1.174072119853151281e-34
1.611940000000015061e+04,1.187829586645302821e-34
1.614660000000015134e+04,1.201655206594172915e-34
1.615187500000015098e+04,1.204344433743750170e-34
1.615512500000015098e+04,1.206002600824988783e-34
1.616040000000015061e+04,1.208696044125569000e-34
1.618760000000015134e+04,1.222626222830218836e-34
1.621480000000015207e+04,1.236626994937515733e-34
1.622025000000015280e+04,1.239440873336934311e-34
1.622570000000015352e+04,1.242257633654697550e-34
1.625290000000015425e+04,1.256358957660531792e-34
1.628010000000015498e+04,1.270533272905450110e-34
1.628537500000015461e+04,1.273290688331199605e-34
1.628862500000015461e+04,1.274990958866001271e-34
1.629390000000015425e+04,1.277752888446580194e-34
1.632110000000015498e+04,1.292039152852566544e-34
1.634830000000015571e+04,1.306400979715711766e-34
1.635375000000015643e+04,1.309287804105712897e-34
1.635920000000015716e+04,1.312177712504134200e-34
1.638640000000015789e+04,1.326647142346021643e-34
1.641360000000015862e+04,1.341194663343371710e-34
1.641887500000016007e+04,1.344025051151785248e-34
1.642212500000016007e+04,1.345770377697020092e-34
1.642740000000016153e+04,1.348605593928800393e-34
1.645460000000016225e+04,1.363272857858070540e-34
1.648180000000016298e+04,1.378020926775767942e-34
1.648725000000016371e+04,1.380985777184064250e-34
1.649270000000016444e+04,1.383953924900736560e-34
1.651990000000016516e+04,1.398817039003770406e-34
1.654710000000016589e+04,1.413763629271694575e-34
1.655237500000016735e+04,1.416672038699707398e-34
1.655562500000016735e+04,1.418465537606906382e-34
1.656090000000016880e+04,1.421379107435393737e-34
1.658810000000016953e+04,1.436453673579578310e-34
1.661530000000017026e+04,1.451614584984858409e-34
1.662075000000017099e+04,1.454662827540141818e-34
1.662620000000017171e+04,1.457714592907877196e-34
1.665340000000017244e+04,1.472998417522122676e-34
1.668060000000017317e+04,1.488371413683556906e-34
1.668587500000017462e+04,1.491363182616627739e-34
1.668912500000017462e+04,1.493208148560604771e-34
1.669440000000017608e+04,1.496205429149872341e-34
1.672160000000017681e+04,1.511715112243016595e-34
1.674880000000017753e+04,1.527317005009245695e-34
1.675425000000017826e+04,1.530454317309093066e-34
1.675970000000017899e+04,1.533595391211729145e-34
1.678690000000017972e+04,1.549328528785078548e-34
1.681410000000018044e+04,1.565156871187754030e-34
1.681937500000018190e+04,1.568237651755809295e-34
1.682262500000018190e+04,1.570137573547827316e-34
1.682790000000018335e+04,1.573224238016806406e-34
1.685510000000018408e+04,1.589198498936172346e-34
1.688230000000018481e+04,1.605271186850792049e-34
1.688775000000018554e+04,1.608503585596548262e-34
1.689320000000018626e+04,1.611739999201619458e-34
1.692040000000018699e+04,1.627952768265584991e-34
1.694760000000018772e+04,1.644267143368325186e-34
1.695287500000018917e+04,1.647442929853418257e-34
1.695612500000018917e+04,1.649401507683509767e-34
1.696140000000019063e+04,1.652583573169870035e-34
1.698860000000019136e+04,1.669053665196190794e-34
1.701580000000019209e+04,1.685628785862554265e-34
1.702125000000019281e+04,1.688962657017245110e-34
1.702670000000019354e+04,1.692300812042773244e-34
1.705390000000019427e+04,1.709025399913296981e-34
1.708110000000019500e+04,1.725858395771434856e-34
1.708637500000019645e+04,1.729135555089249490e-34
1.708962500000019645e+04,1.731156719359796423e-34
1.709490000000019791e+04,1.734440577675417009e-34
1.712210000000019863e+04,1.751439706293496776e-34
1.714930000000019936e+04,1.768550883874475333e-34
1.715475000000020009e+04,1.771993015631086727e-34
1.716020000000020082e+04,1.775439717435169988e-34
1.718740000000020154e+04,1.792710347189769802e-34
1.721460000000020227e+04,1.810096623536205365e-34
1.721987500000020373e+04,1.813481928585731615e-34
1.722312500000020373e+04,1.815569860518300140e-34
1.722840000000020518e+04,1.818962311692961561e-34
1.725560000000020591e+04,1.836525809483751069e-34
1.728280000000020664e+04,1.854208832875948704e-34
1.728825000000020736e+04,1.857766451758946933e-34
1.729370000000020809e+04,1.861328945576669542e-34
1.732090000000020882e+04,1.879182058951084405e-34
1.734810000000020955e+04,1.897158533556112700e-34
1.735337500000021100e+04,1.900659199768706417e-34
1.735662500000021100e+04,1.902818353988994483e-34
1.736190000000021246e+04,1.906326643035912197e-34
1.738910000000021319e+04,1.924492161405897079e-34
1.741630000000021391e+04,1.942785179633086405e-34
1.742175000000021464e+04,1.946465990096943507e-34
1.742720000000021537e+04,1.950152000789997413e-34
1.745440000000021610e+04,1.968626458845154468e-34
1.748160000000021682e+04,1.987232512051892223e-34
1.748687500000021828e+04,1.990856237512933837e-34
1.749012500000021828e+04,1.993091366844654619e-34
1.749540000000021973e+04,1.996723224124070693e-34
1.752260000000022046e+04,2.015530943840197477e-34
1.754980000000022119e+04,2.034474680683512906e-34
1.755525000000022192e+04,2.038286908618424910e-34
1.756070000000022264e+04,2.042104684349810688e-34
1.758790000000022337e+04,2.061241987997827341e-34
1.761510000000022410e+04,2.080519687574374892e-34
1.762037500000022555e+04,2.084274697139013054e-34
1.762362500000022555e+04,2.086590879867420900e-34
1.762890000000022701e+04,2.090354565472964006e-34
1.765610000000022774e+04,2.109847428226411014e-34
1.768330000000022847e+04,2.129485418370906389e-34
1.768875000000022919e+04,2.133437858979422023e-34
1.769420000000022992e+04,2.137396219279222729e-34
1.772140000000023065e+04,2.157240752029681692e-34
1.774860000000023138e+04,2.177235100759632044e-34
1.775387500000023283e+04,2.181130194639383530e-34
1.775712500000023283e+04,2.183532864539334316e-34
1.776240000000023429e+04,2.187437217187718854e-34
1.778960000000023501e+04,2.207661180702310580e-34
1.781680000000023574e+04,2.228040029980392815e-34
1.782225000000023647e+04,2.232142100549933931e-34
1.782770000000023720e+04,2.236250489299871932e-34
1.785490000000023792e+04,2.256849784900763043e-34
1.788210000000023865e+04,2.277608993655831713e-34
1.788737500000024011e+04,2.281653601016286727e-34
1.789062500000024011e+04,2.284148580479051796e-34
1.789590000000024156e+04,2.288203071447831143e-34
1.792310000000024229e+04,2.309207390985077399e-34
1.795030000000024302e+04,2.330377063643371618e-34
1.795575000000024374e+04,2.334638861810238645e-34
1.796120000000024447e+04,2.338907405745593061e-34
1.798840000000024520e+04,2.360312443753549641e-34
1.801560000000024593e+04,2.381888233162661509e-34
1.802087500000024738e+04,2.386092471345783490e-34
1.802412500000024738e+04,2.388686007984140359e-34
1.802940000000024884e+04,2.392900800715874184e-34
1.805660000000024957e+04,2.414738340215954484e-34
1.808380000000025029e+04,2.436752476530732066e-34
1.808925000000025102e+04,2.441184844712321000e-34
1.809470000000025175e+04,2.445624418121676465e-34
1.812190000000025248e+04,2.467889950851143753e-34
1.814910000000025320e+04,2.490337885107887106e-34
1.815437500000025466e+04,2.494712625176632671e-34
1.815762500000025466e+04,2.497411432339901320e-34
1.816290000000025611e+04,2.501797448416442775e-34
1.819010000000025684e+04,2.524525024961009795e-34
1.821730000000025757e+04,2.547441292987325178e-34
1.822275000000025830e+04,2.552055889753183875e-34
1.822820000000025902e+04,2.556678186150658227e-34
1.825540000000025975e+04,2.579863100931147483e-34
1.828260000000026048e+04,2.603242957775165878e-34
1.828787500000026193e+04,2.607799897175721247e-34
1.829112500000026193e+04,2.610611198866754082e-34
1.829640000000026339e+04,2.615180191155538879e-34
1.832360000000026412e+04,2.638858956954645970e-34
1.835080000000026484e+04,2.662739442726162080e-34
1.835625000000026557e+04,2.667548821987027860e-34
1.836170000000026630e+04,2.672366433640873608e-34
1.838890000000026703e+04,2.696534154865984409e-34
1.841610000000026776e+04,2.720910336345380419e-34
1.842137500000026921e+04,2.725662079595043990e-34
1.842462500000026921e+04,2.728593660351076138e-34
1.842990000000027067e+04,2.733358294239292145e-34
1.845710000000027139e+04,2.758054160942614431e-34
1.848430000000027212e+04,2.782965802055452809e-34
1.848975000000027285e+04,2.787983501075066705e-34
1.849520000000027358e+04,2.793010007403046250e-34
1.852240000000027430e+04,2.818228943497925889e-34
1.854960000000027503e+04,2.843670932782538248e-34
1.855487500000027649e+04,2.848631081222185906e-34
1.855812500000027649e+04,2.851691341602432131e-34
1.856340000000027794e+04,2.856665285367076787e-34
1.859060000000027867e+04,2.882449396193596058e-34
1.861780000000027940e+04,2.908464464423033603e-34
1.862325000000028012e+04,2.913705101803593364e-34
1.862870000000028085e+04,2.918955167792430408e-34
1.865590000000028158e+04,2.945299208973273132e-34
1.868310000000028231e+04,2.971882079258964198e-34
1.868837500000028376e+04,2.977065331061293840e-34
1.869162500000028376e+04,2.980263349478349942e-34
1.869690000000028522e+04,2.985461374993784642e-34
1.872410000000028595e+04,3.012410630981199788e-34
1.875130000000028667e+04,3.039607270412426219e-34
1.875675000000028740e+04,3.045086655374506221e-34
1.876220000000028813e+04,3.050576141351683329e-34
1.878940000000028886e+04,3.078125214920450776e-34
1.881660000000028958e+04,3.105930197361801610e-34
1.882187500000029104e+04,3.111352459163634530e-34
1.882512500000029104e+04,3.114698060905567307e-34
1.883040000000029249e+04,3.120136156069303185e-34
1.885760000000029322e+04,3.148333803684845552e-34
1.888480000000029395e+04,3.176796631809839173e-34
1.889025000000029468e+04,3.182531886285728233e-34
1.889570000000029540e+04,3.188277970571429911e-34
1.892290000000029613e+04,3.217118661503589833e-34
1.895010000000029686e+04,3.246233780159527812e-34
1.895537500000029831e+04,3.251912291893630878e-34
1.895862500000029831e+04,3.255416126311777391e-34
1.896390000000029977e+04,3.261111620778082747e-34
1.899110000000030050e+04,3.290647909231427963e-34
1.901830000000030122e+04,3.320468689598184980e-34
1.902375000000030195e+04,3.326478384889384216e-34
1.902920000000030268e+04,3.332499701089495255e-34
1.905640000000030341e+04,3.362725946859008151e-34
1.908360000000030414e+04,3.393246729861312331e-34
1.908887500000030559e+04,3.399200204605248747e-34
1.909212500000030559e+04,3.402873831592715909e-34
1.909740000000030705e+04,3.408845537648592069e-34
1.912460000000030777e+04,3.439818455533651951e-34
1.915180000000030850e+04,3.471096851862965222e-34
1.915725000000030923e+04,3.477401161883944700e-34
1.916270000000030996e+04,3.483717952858376229e-34
1.918990000000031068e+04,3.515431822834903777e-34
1.921710000000031141e+04,3.547462100426304168e-34
1.922237500000031287e+04,3.553710881370120695e-34
1.922562500000031287e+04,3.557566868431964330e-34
1.923090000000031432e+04,3.563835239136889789e-34
1.925810000000031505e+04,3.596351341539154206e-34
1.928530000000031578e+04,3.629195764784190270e-34
1.929075000000031650e+04,3.635816638233491876e-34
1.929620000000031723e+04,3.642450929094856435e-34
1.932340000000031796e+04,3.675763500482287952e-34
1.935060000000031869e+04,3.709416302260114794e-34
1.935587500000032014e+04,3.715982539228733795e-34
1.935912500000032014e+04,3.720034570651716591e-34
1.936440000000032160e+04,3.726621877700309545e-34
1.939160000000032232e+04,3.760797216682355468e-34
1.941880000000032305e+04,3.795325778342720819e-34
1.942425000000032378e+04,3.802287132517784749e-34
1.942970000000032451e+04,3.809262925393652865e-34
1.945690000000032524e+04,3.844295269603650880e-34
1.948410000000032596e+04,3.879693835295532576e-34
1.948937500000032742e+04,3.886601683655521565e-34
1.949262500000032742e+04,3.890864683529428385e-34
1.949790000000032887e+04,3.897795217694245174e-34
1.952510000000032960e+04,3.933756391166708820e-34
1.955230000000033033e+04,3.970097978335718411e-34
1.955775000000033106e+04,3.977425917750928531e-34
1.956320000000033178e+04,3.984769411488884068e-34
1.959040000000033251e+04,4.021653707116151730e-34
1.961760000000033324e+04,4.058932627566241719e-34
1.962287500000033469e+04,4.066208472812394633e-34
1.962612500000033469e+04,4.070698743943006378e-34
1.963140000000033615e+04,4.077999041425204347e-34
1.965860000000033688e+04,4.115884377887483063e-34
1.968580000000033760e+04,4.154179868074911543e-34
1.969125000000033833e+04,4.161902931566924529e-34
1.969670000000033906e+04,4.169642770089726926e-34
1.972390000000033979e+04,4.208523561346614675e-34
1.975110000000034051e+04,4.247830069177041492e-34
1.975637500000034197e+04,4.255502781045569887e-34
1.975962500000034197e+04,4.260238162141399818e-34
1.976490000000034343e+04,4.267937260714842672e-34
1.979210000000034415e+04,4.307898160286077174e-34
1.981930000000034488e+04,4.348301797100056376e-34
1.982475000000034561e+04,4.356451237726648248e-34
1.983020000000034634e+04,4.364618791371514492e-34
1.985740000000034706e+04,4.405654414034476786e-34
1.988460000000034779e+04,4.447149846756062093e-34
1.988987500000034925e+04,4.455251067366895923e-34
1.989312500000034925e+04,4.460251111287750231e-34
1.989840000000035070e+04,4.468380840784732895e-34
1.992560000000035143e+04,4.510583296437019197e-34
1.995280000000035216e+04,4.553264250826282394e-34
1.995825000000035288e+04,4.561874353605422074e-34
1.996370000000035361e+04,4.570504038527369693e-34
1.999090000000035434e+04,4.613868239250812441e-34
2.001810000000035507e+04,4.657729701539312165e-34
2.002337500000035652e+04,4.666294172851015179e-34
2.002662500000035652e+04,4.671580349190396890e-34
2.003190000000035798e+04,4.680175661667277158e-34
2.005910000000035870e+04,4.724801988735018765e-34
2.008630000000035943e+04,4.769946134807889650e-34
2.009175000000036016e+04,4.779054578227515282e-34
2.009720000000036089e+04,4.788184219836657028e-34
2.012440000000036162e+04,4.834067999230333084e-34
2.015160000000036234e+04,4.880490255793738657e-34
2.015687500000036380e+04,4.889556192587792898e-34
2.016012500000036380e+04,4.895152118439573721e-34
2.016540000000036525e+04,4.904251464304709587e-34
2.019260000000036598e+04,4.951502271320261066e-34
2.021980000000036671e+04,4.999314210919827446e-34
2.022525000000036744e+04,5.008962479206205089e-34
2.023070000000036816e+04,5.018633726674233759e-34
2.025790000000036889e+04,5.067247441977317323e-34
2.028510000000036962e+04,5.116445078081560433e-34
2.029037500000037107e+04,5.126054593811679614e-34
2.029362500000037107e+04,5.131986297264711519e-34
2.029890000000037253e+04,5.141632054782712295e-34
2.032610000000037326e+04,5.191728494656417132e-34
2.035330000000037398e+04,5.242433871066094012e-34
2.035875000000037471e+04,5.252667725468267417e-34
2.036420000000037544e+04,5.262926525618606614e-34
2.039140000000037617e+04,5.314502295332731421e-34
2.041860000000037689e+04,5.366712188833719572e-34
2.042387500000037835e+04,5.376911783020416795e-34
2.042712500000037835e+04,5.383208004758217224e-34
2.043240000000037980e+04,5.393446971705796254e-34
2.045960000000038053e+04,5.446633319446832334e-34
2.048680000000038126e+04,5.500481468057560842e-34
2.049225000000038199e+04,5.511351486933582689e-34
2.049770000000038272e+04,5.522248627369873459e-34
2.052490000000038344e+04,5.577043088080031632e-34
2.055210000000038417e+04,5.632527244983588101e-34
2.055737500000038563e+04,5.643368362456384604e-34
2.056062500000038563e+04,5.650060901844427499e-34
2.056590000000038708e+04,5.660944859734251756e-34
2.059310000000038781e+04,5.717491471571114557e-34
2.062030000000038854e+04,5.774758464344681451e-34
2.062575000000038926e+04,5.786320663682324262e-34
2.063120000000038999e+04,5.797912396870633042e-34
2.065840000000039072e+04,5.856209871989780271e-34
2.068560000000039145e+04,5.915258687446159623e-34
2.069087500000039290e+04,5.926798361697802448e-34
2.069412500000039290e+04,5.933922474957211756e-34
2.069940000000039436e+04,5.945508838232957980e-34
2.072660000000039508e+04,6.005715557478374857e-34
2.075380000000039581e+04,6.066707708948919203e-34
2.075925000000039654e+04,6.079024257190664805e-34
2.076470000000039727e+04,6.091373019466448187e-34
2.079190000000039799e+04,6.153489171167269432e-34
2.081910000000039872e+04,6.216425189801324707e-34
2.082437500000040018e+04,6.228726785100246439e-34
2.082762500000040018e+04,6.236321644643462667e-34
2.083290000000040163e+04,6.248674209660912935e-34
2.086010000000040236e+04,6.312874297403138299e-34
2.088730000000040309e+04,6.377932213215664102e-34
2.089275000000040382e+04,6.391072256978859641e-34
2.089820000000040454e+04,6.404247499192413367e-34
2.092540000000040527e+04,6.470533548814951869e-34
2.095260000000040600e+04,6.537715812895426821e-34
2.095787500000040745e+04,6.550849882703966247e-34
2.096112500000040745e+04,6.558959108506642604e-34
2.096640000000040891e+04,6.572148920053671478e-34
2.099360000000040964e+04,6.640713604279317163e-34
2.102080000000041036e+04,6.710216869432686893e-34
2.102625000000041109e+04,6.724257490035691848e-34
2.103170000000041182e+04,6.738336639897146069e-34
2.105890000000041255e+04,6.809184259242688113e-34
2.108610000000041327e+04,6.881013351035101408e-34
2.109137500000041473e+04,6.895058633826340337e-34
2.109462500000041473e+04,6.903730909908516610e-34
2.109990000000041618e+04,6.917837266609117018e-34
2.112710000000041691e+04,6.991181022347995528e-34
2.115430000000041764e+04,7.065553646099142330e-34
2.115975000000041837e+04,7.080580970869034917e-34
2.116520000000041910e+04,7.095650551152772008e-34
2.119240000000041982e+04,7.171497548052865632e-34
2.121960000000042055e+04,7.248421454573345058e-34
2.122487500000042201e+04,7.263466032489081566e-34
2.122812500000042201e+04,7.272755824276010629e-34
2.123340000000042346e+04,7.287867448629836631e-34
2.126060000000042419e+04,7.366454145015879874e-34
2.128780000000042492e+04,7.446170903709764588e-34
2.129325000000042564e+04,7.462281401042953849e-34
2.129870000000042637e+04,7.478438332849539553e-34
2.132590000000042710e+04,7.559775280192757183e-34
2.135310000000042783e+04,7.642296235496936788e-34
2.135837500000042928e+04,7.658438886643182715e-34
2.136162500000042928e+04,7.668407278297163586e-34
2.136690000000043074e+04,7.684623682533174678e-34
2.139410000000043146e+04,7.768973761383801933e-34
2.142130000000043219e+04,7.854567610442011538e-34
2.142675000000043292e+04,7.871869603750060922e-34
2.143220000000043365e+04,7.889222730238834263e-34
2.145940000000043437e+04,7.976600719473848283e-34
2.148660000000043510e+04,8.065283212859950255e-34
2.149187500000043656e+04,8.082634994653067907e-34
2.149512500000043656e+04,8.093350669571859772e-34
2.150040000000043801e+04,8.110783755201394610e-34
2.152760000000043874e+04,8.201482641217407997e-34
2.155480000000043947e+04,8.293553404605000436e-34
2.156025000000044020e+04,8.312168847907083509e-34
2.156570000000044092e+04,8.330840721608092180e-34
2.159290000000044165e+04,8.424880461181276097e-34
2.162010000000044238e+04,8.520360640904947751e-34
2.162537500000044383e+04,8.539046750088075346e-34
2.162862500000044383e+04,8.550587142857254810e-34
2.163390000000044529e+04,8.569363080133686672e-34
2.166110000000044602e+04,8.667071066887627025e-34
2.168830000000044674e+04,8.766295658449236609e-34
2.169375000000044747e+04,8.786362225853367005e-34
2.169920000000044820e+04,8.806491212234269197e-34
2.172640000000044893e+04,8.907893740468983112e-34
2.175360000000044965e+04,9.010890493869693175e-34
2.175887500000045111e+04,9.031052459038544605e-34
2.176212500000045111e+04,9.043505113465834433e-34
2.176740000000045256e+04,9.063766557322826794e-34
2.179460000000045329e+04,9.169230468114880996e-34
2.182180000000045402e+04,9.276374956628206607e-34
2.182725000000045475e+04,9.298048509773156425e-34
2.183270000000045547e+04,9.319791271674450660e-34
2.185990000000045620e+04,9.429350614838256158e-34
2.188710000000045693e+04,9.540678669878613750e-34
2.189237500000045839e+04,9.562476945131290998e-34
2.189562500000045839e+04,9.575941120918948474e-34
2.190090000000045984e+04,9.597849832919760173e-34
2.192810000000046057e+04,9.711916824276244982e-34
2.195530000000046130e+04,9.827850726008335299e-34
2.196075000000046202e+04,9.851308238356734291e-34
2.196620000000046275e+04,9.874842680865463334e-34
2.199340000000046348e+04,9.993460863930037895e-34
2.202060000000046421e+04,1.011404633756465478e-33
2.202587500000046566e+04,1.013766338192348026e-33
2.202912500000046566e+04,1.015225196248589641e-33
2.203440000000046712e+04,1.017599192458666030e-33
2.206160000000046784e+04,1.029962588645667130e-33
2.208880000000046857e+04,1.042533915943515111e-33
2.209425000000046930e+04,1.045078219494367263e-33
2.209970000000047003e+04,1.047631096908778771e-33
2.212690000000047075e+04,1.060501588328369884e-33
2.215410000000047148e+04,1.073591480334966054e-33
2.215937500000047294e+04,1.076155875080697655e-33
2.216262500000047294e+04,1.077740051728126920e-33
2.216790000000047439e+04,1.080318164371732460e-33
2.219510000000047512e+04,1.093748275922132446e-33
2.222230000000047585e+04,1.107410608754878082e-33
2.222775000000047658e+04,1.110176495477080234e-33
2.223320000000047730e+04,1.112951964217321261e-33
2.226040000000047803e+04,1.126948639548031280e-33
2.228760000000047876e+04,1.141190685085799649e-33
2.229287500000048021e+04,1.143981590145466189e-33
2.229612500000048021e+04,1.145705825381789052e-33
2.230140000000048167e+04,1.148512083336995777e-33
2.232860000000048240e+04,1.163134899868479940e-33
2.235580000000048312e+04,1.178017809980281924e-33
2.236125000000048385e+04,1.181031683230270251e-33
2.236670000000048458e+04,1.184056296305021050e-33
2.239390000000048531e+04,1.199313949455207154e-33
2.242110000000048603e+04,1.214846823088848953e-33
2.242637500000048749e+04,1.217891592568977990e-33
2.242962500000048749e+04,1.219772815204712710e-33
2.243490000000048894e+04,1.222834818590312082e-33
2.246210000000048967e+04,1.238795116589599537e-33
2.248930000000049040e+04,1.255047603757652059e-33
2.249475000000049113e+04,1.258339838948180169e-33
2.250020000000049185e+04,1.261644148378868370e-33
2.252740000000049258e+04,1.278317941988323180e-33
2.255460000000049331e+04,1.295301390526459082e-33
2.255987500000049477e+04,1.298631548946774995e-33
2.256312500000049477e+04,1.300689271026389295e-33
2.256840000000049622e+04,1.304038835271205204e-33
2.259560000000049695e+04,1.321503577118609043e-33
2.262280000000049768e+04,1.339297602972623810e-33
2.262825000000049840e+04,1.342903272370084857e-33
2.263370000000049913e+04,1.346522559689415699e-33
2.266090000000049986e+04,1.364791757914155470e-33
2.268810000000050059e+04,1.383410482889263732e-33
2.269337500000050204e+04,1.387062496021573544e-33
2.269662500000050204e+04,1.389319290698311713e-33
2.270190000000050350e+04,1.392993226993353498e-33
2.272910000000050422e+04,1.412155681908580075e-33
2.275630000000050495e+04,1.431690458077405116e-33
2.276175000000050568e+04,1.435650210778108698e-33
2.276720000000050641e+04,1.439625374085557396e-33
2.279440000000050713e+04,1.459697877801524120e-33
2.282160000000050786e+04,1.480166256744819278e-33
2.282687500000050932e+04,1.484182469485138825e-33
2.283012500000050932e+04,1.486664552527929266e-33
2.283540000000051077e+04,1.490705617660676565e-33
2.286260000000051150e+04,1.511790379714538186e-33
2.288980000000051223e+04,1.533297594119841791e-33
2.289525000000051296e+04,1.537658729120163476e-33
2.290070000000051368e+04,1.542037364979722110e-33
2.292790000000051441e+04,1.564155246153807739e-33
2.295510000000051514e+04,1.586723099232377183e-33
2.296037500000051659e+04,1.591152881746923673e-33
2.296362500000051659e+04,1.593890822283633799e-33
2.296890000000051805e+04,1.598348879731839254e-33
2.299610000000051878e+04,1.621618005284684720e-33
2.302330000000051950e+04,1.645368220121334256e-33
2.302875000000052023e+04,1.650186000671733518e-33
2.303420000000052096e+04,1.655023729519408207e-33
2.306140000000052169e+04,1.679470014953082103e-33
2.308860000000052241e+04,1.704429679835085087e-33
2.309387500000052387e+04,1.709330834481083745e-33
2.309712500000052387e+04,1.712360427576407797e-33
2.310240000000052532e+04,1.717293873183371567e-33
2.312960000000052605e+04,1.743054420986167329e-33
2.315680000000052678e+04,1.769364940045590574e-33
2.316225000000052751e+04,1.774704210730338510e-33
2.316770000000052823e+04,1.780066307849306476e-33
2.319490000000052896e+04,1.807173331450280867e-33
2.322210000000052969e+04,1.834868381886125248e-33
2.322737500000053114e+04,1.840308877933371362e-33
2.323062500000053114e+04,1.843672220621879797e-33
2.323590000000053260e+04,1.849149740938252507e-33
2.326310000000053333e+04,1.877763076657523592e-33
2.329030000000053406e+04,1.907007662349229445e-33
2.329575000000053478e+04,1.912944847424754522e-33
2.330120000000053551e+04,1.918908258815038985e-33
2.332840000000053624e+04,1.949067990463024513e-33
2.335560000000053697e+04,1.979904027688116082e-33
2.336087500000053842e+04,1.985964149587874644e-33
2.336412500000053842e+04,1.989710973610008575e-33
2.336940000000053988e+04,1.995813724012106881e-33
2.339660000000054060e+04,2.027707052104292524e-33
2.342380000000054133e+04,2.060327979014149034e-33
2.342925000000054206e+04,2.066953562536985057e-33
2.343470000000054279e+04,2.073609407230634594e-33
2.346190000000054351e+04,2.107286280673281121e-33
2.348910000000054424e+04,2.141744347060479923e-33
2.349437500000054570e+04,2.148519366055370468e-33
2.349762500000054570e+04,2.152708695477386872e-33
2.350290000000054715e+04,2.159533009601735551e-33
2.353010000000054788e+04,2.195213725281071561e-33
2.355730000000054861e+04,2.231736793577927263e-33
2.356275000000054933e+04,2.239158410023688155e-33
2.356820000000055006e+04,2.246615098847878340e-33
2.359540000000055079e+04,2.284362007341573334e-33
2.362260000000055152e+04,2.323015325357995442e-33
2.362787500000055297e+04,2.330618834894786660e-33
2.363112500000055297e+04,2.335321055832848135e-33
2.363640000000055443e+04,2.342981829003759765e-33
2.366360000000055516e+04,2.383055448292993939e-33
2.369080000000055588e+04,2.424108753601552305e-33
2.369625000000055661e+04,2.432455053394628544e-33
2.370170000000055734e+04,2.440842190240206824e-33
2.372890000000055807e+04,2.483320503699726953e-33
2.375610000000055879e+04,2.526855436956128200e-33
2.376137500000056025e+04,2.535423530960193481e-33
2.376462500000056025e+04,2.540722984576137940e-33
2.376990000000056170e+04,2.549357913044798065e-33
2.379710000000056243e+04,2.594550546141043188e-33
2.382430000000056316e+04,2.640888018935237394e-33
2.382975000000056389e+04,2.650313517794425859e-33
2.383520000000056461e+04,2.659786794308238457e-33
2.386240000000056534e+04,2.707791481259971998e-33
2.388960000000056607e+04,2.757033853399910665e-33
2.389487500000056752e+04,2.766730373903822282e-33
2.389812500000056752e+04,2.772728613241214598e-33
2.390340000000056898e+04,2.782503519060064498e-33
2.393060000000056971e+04,2.833690105365496881e-33
2.395780000000057044e+04,2.886221095277960689e-33
2.396325000000057116e+04,2.896912269935858290e-33
2.396870000000057189e+04,2.907659618565225697e-33
2.399590000000057262e+04,2.962150830981632110e-33
2.402310000000057335e+04,3.018099021283173716e-33
2.402837500000057480e+04,3.029122157724034173e-33
2.403162500000057480e+04,3.035942043487695675e-33
2.403690000000057626e+04,3.047057571123164440e-33
2.406410000000057698e+04,3.105297388701273848e-33
2.409130000000057771e+04,3.165123869862007055e-33
2.409675000000057844e+04,3.177306823622832453e-33
2.410220000000057917e+04,3.189556155039663196e-33
2.412940000000057989e+04,3.251698941499938485e-33
2.415660000000058062e+04,3.315565486164550020e-33
2.416187500000058208e+04,3.328156068947826601e-33
2.416512500000058208e+04,3.335946916475818789e-33
2.417040000000058353e+04,3.348646947546893478e-33
2.419760000000058426e+04,3.415228219812826673e-33
2.422480000000058499e+04,3.483691499839685309e-33
2.423025000000058571e+04,3.497641582133710052e-33
2.423570000000058644e+04,3.511670493448025461e-33
2.426290000000058717e+04,3.582884601601959772e-33
2.429010000000058790e+04,3.656148312100311287e-33
2.429537500000058935e+04,3.670600195831887860e-33
2.429862500000058935e+04,3.679544217677739133e-33
2.430390000000059081e+04,3.694126401797484811e-33
2.433110000000059154e+04,3.770622076305385042e-33
2.435830000000059226e+04,3.849361114926231981e-33
2.436375000000059299e+04,3.865414919611336654e-33
2.436920000000059372e+04,3.881562798820619140e-33
2.439640000000059445e+04,3.963584696943228437e-33
2.442360000000059517e+04,4.048055424274755463e-33
2.442887500000059663e+04,4.064728371889868448e-33
2.443212500000059663e+04,4.075048668950290408e-33
2.443740000000059808e+04,4.091877480397826473e-33
2.446460000000059881e+04,4.180214270550728709e-33
2.449180000000059954e+04,4.271237643065264661e-33
2.449725000000060027e+04,4.289807784026118122e-33
2.450270000000060099e+04,4.308490705562337904e-33
2.452990000000060172e+04,4.403449728697260183e-33
2.455710000000060245e+04,4.501347541159126983e-33
2.456237500000060390e+04,4.520682932026091070e-33
2.456562500000060390e+04,4.532653228677267516e-33
2.457090000000060536e+04,4.552175860056285879e-33
2.459810000000060609e+04,4.654718019915500939e-33
2.462530000000060681e+04,4.760490725831030819e-33
2.463075000000060754e+04,4.782083591943017156e-33
2.463620000000060827e+04,4.803812191146805077e-33
2.466340000000060900e+04,4.914321513216890547e-33
2.469060000000060973e+04,5.028370528725239134e-33
2.469587500000061118e+04,5.050909875645183545e-33
2.469912500000061118e+04,5.064865978691275368e-33
2.470440000000061264e+04,5.087631020492062609e-33
2.473160000000061336e+04,5.207278197139063108e-33
2.475880000000061409e+04,5.330821901334340056e-33
2.476425000000061482e+04,5.356058003402817794e-33
2.476970000000061555e+04,5.381457904597748921e-33
2.479690000000061627e+04,5.510717595598459440e-33
2.482410000000061700e+04,5.644250550863616324e-33
2.482937500000061846e+04,5.670655911330184443e-33
2.483262500000061846e+04,5.687008302227301821e-33
2.483790000000061991e+04,5.713686204643774587e-33
2.486510000000062064e+04,5.853979235160811652e-33
2.489230000000062137e+04,5.998977987881866928e-33
2.489775000000062209e+04,6.028613056300334029e-33
2.490320000000062282e+04,6.058445923886409964e-33
2.493040000000062355e+04,6.210347012306537738e-33
2.495760000000062428e+04,6.367406768026614615e-33
2.496287500000062573e+04,6.398480018574006079e-33
2.496612500000062573e+04,6.417725649817215945e-33
2.497140000000062719e+04,6.449127733012670456e-33
2.499860000000062792e+04,6.614343543846536533e-33
2.502580000000062864e+04,6.785232048009598579e-33
2.503125000000062937e+04,6.820173734091905508e-33
2.503670000000063010e+04,6.855353601158199379e-33
2.506390000000063083e+04,7.034553266123713412e-33
2.509110000000063155e+04,7.219955385869952121e-33
2.509637500000063301e+04,7.256648628156237770e-33
2.509962500000063301e+04,7.279377026073142126e-33
2.510490000000063446e+04,7.316464865552438943e-33
2.513210000000063519e+04,7.511653617776206362e-33
2.515930000000063592e+04,7.713632338368948778e-33
2.516475000000063665e+04,7.754940167695003183e-33
2.517020000000063737e+04,7.796532263942770200e-33
2.519740000000063810e+04,8.008429529363794547e-33
2.522460000000063883e+04,8.227702519910873850e-33
2.522987500000064028e+04,8.271101790095121379e-33
2.523312500000064028e+04,8.297984194431886781e-33
2.523840000000064174e+04,8.341850615094809701e-33
2.526560000000064247e+04,8.572708355955514943e-33
2.529280000000064319e+04,8.811560071144773585e-33
2.529825000000064392e+04,8.860401021774154500e-33
2.530370000000064465e+04,8.909574579292607232e-33
2.533090000000064538e+04,9.160029828867197772e-33
2.535810000000064611e+04,9.419049724194009206e-33
2.536337500000064756e+04,9.470293025281468365e-33
2.536662500000064756e+04,9.502029958568650278e-33
2.537190000000064902e+04,9.553810715783795016e-33
2.539910000000064974e+04,9.826155951402194920e-33
2.542630000000065047e+04,1.010759383021995870e-32
2.543175000000065120e+04,1.016509434000929184e-32
2.543720000000065193e+04,1.022296835826763698e-32
2.546440000000065265e+04,1.051743301769411752e-32
2.549160000000065338e+04,1.082136485489127700e-32
2.549687500000065484e+04,1.088141248761307878e-32
2.550012500000065484e+04,1.091858803638530537e-32
2.550540000000065629e+04,1.097921827954406501e-32
2.553260000000065702e+04,1.129758859332794231e-32
2.555980000000065775e+04,1.162557629583795456e-32
2.556525000000065847e+04,1.169244858497554638e-32
2.557070000000065920e+04,1.175970489377308260e-32
2.559790000000065993e+04,1.210107781782201455e-32
2.562510000000066066e+04,1.245183764925769603e-32
2.563037500000066211e+04,1.252092932479894030e-32
2.563362500000066211e+04,1.256366793851459888e-32
2.563890000000066357e+04,1.263331067134202918e-32
2.566610000000066429e+04,1.299771257352049547e-32
2.569330000000066502e+04,1.337065160091182598e-32
2.569875000000066575e+04,1.344635501033759697e-32
2.570420000000066648e+04,1.352237305051674554e-32
2.573140000000066721e+04,1.390625967225116566e-32
2.575860000000066793e+04,1.429699799236438190e-32
2.576387500000066939e+04,1.437348443247514752e-32
2.576712500000066939e+04,1.442071422462013676e-32
2.577240000000067084e+04,1.449753668886219578e-32
2.579960000000067157e+04,1.489655786358924039e-32
2.582680000000067230e+04,1.529934249595147523e-32
2.583225000000067303e+04,1.538035328929316568e-32
2.583770000000067375e+04,1.546143131152984351e-32
2.586490000000067448e+04,1.586650185521316131e-32
2.589210000000067521e+04,1.627058900074258803e-32
2.589737500000067666e+04,1.634862532345778835e-32
2.590062500000067666e+04,1.639662824147192102e-32
2.590590000000067812e+04,1.647440146809660568e-32
2.593310000000067885e+04,1.687187031087833457e-32
2.596030000000067957e+04,1.726084307570411887e-32
2.596575000000068030e+04,1.733742496142405586e-32
2.597120000000068103e+04,1.741347686581260647e-32
2.599840000000068176e+04,1.778385641185977407e-32
2.602560000000068248e+04,1.813535816989752784e-32
2.603087500000068394e+04,1.820089377074218572e-32
2.603412500000068394e+04,1.824079883516562796e-32
2.603940000000068540e+04,1.830477064447419293e-32
2.606660000000068612e+04,1.861734957258865164e-32
2.609380000000068685e+04,1.889610702480432668e-32
2.609925000000068758e+04,1.894726680174141339e-32
2.610470000000068831e+04,1.899671761828664630e-32
2.613190000000068903e+04,1.921572082114842948e-32
2.615910000000068976e+04,1.938219221154140660e-32
2.616437500000069122e+04,1.940764010241869285e-32
2.616762500000069122e+04,1.942213675175808118e-32
2.617290000000069267e+04,1.944369799609878343e-32
2.620010000000069340e+04,1.951365681903681782e-32
2.622730000000069413e+04,1.950715654822077560e-32
2.623275000000069485e+04,1.949573998954011897e-32
2.623820000000069558e+04,1.948074710282321493e-32
2.626540000000069631e+04,1.934942707296991835e-32
2.629260000000069704e+04,1.911602273321400617e-32
2.629787500000069849e+04,1.905802492305172282e-32
2.630112500000069849e+04,1.902014499147522920e-32
2.630640000000069995e+04,1.895512480314599188e-32
2.633360000000070067e+04,1.854767733026222224e-32
2.636080000000070140e+04,1.801219034544072950e-32
2.636625000000070213e+04,1.788869588532725149e-32
2.637170000000070286e+04,1.775963772904395868e-32
2.639890000000070359e+04,1.703031984161883595e-32
2.642610000000070431e+04,1.615460906364125045e-32
2.643137500000070577e+04,1.596744025797817113e-32
2.643462500000070577e+04,1.584929330050461695e-32
2.643990000000070722e+04,1.565292860627396221e-32
2.646710000000070795e+04,1.454976318262021961e-32
2.649430000000070868e+04,1.329561043600647825e-32
2.649975000000070941e+04,1.302645128219036901e-32
2.650520000000071013e+04,1.275143127067421696e-32
2.653240000000071086e+04,1.129346038936412974e-32
2.655960000000071159e+04,9.700820191947001076e-33
2.656487500000071304e+04,9.377447900489430054e-33
2.656812500000071304e+04,9.175992031051182093e-33
2.657340000000071450e+04,8.845493188319016909e-33
2.660060000000071523e+04,7.076886681832754967e-33
2.662780000000071595e+04,5.215111489869790265e-33
2.663325000000071668e+04,4.832821275884840036e-33
2.663870000000071741e+04,4.447891367352209655e-33
2.666590000000071814e+04,2.494428309898760923e-33
2.669310000000071886e+04,5.065072419215200137e-34
2.669837500000072032e+04,1.193029815108662330e-34
